vin,stockNumber,condition,certified,availability,year,make,model,trim,exteriorColor,interiorColor,bodyStyle,drivetrain,transmission,engine,mileage,msrp,price,location,firstSeen,lastSeen,daysObserved,source,sourceUrl,imageUrl
KMTG34SCXTU172443,GM260577,new,false,in-stock,2026,Genesis,G70,2.5T Prestige AWD,Capri Blue,Obsidian Black,Sedan/5 seats,AWD,8 speed automatic,I4,,53030,53829,,2026-09-05T00:09:53.304Z,2026-09-14T14:52:22.997Z,10,new,https://www.genesisofmanchester.com/new/Genesis/2026-Genesis-G70-a861aab3ac183da746fed083405b6ecc.htm,https://pictures.dealer.com/generic-genesis-OEM_VIN_STOCK_PHOTOS/e1ee78af0038b76814224c8d08015e32.jpg?impolicy=resize&w=1024
KMTG24SE4TU174922,GM260716,new,false,in-stock,2026,Genesis,G70,3.3T Prestige Graphite,Ceres Blue,Ultramarine Blue,Sedan/5 seats,AWD,8 speed automatic,3.3L V6 DGI DOHC 24V,,61080,61879,,2026-09-05T00:09:53.304Z,2026-09-14T14:52:22.997Z,10,new,https://www.genesisofmanchester.com/new/Genesis/2026-Genesis-G70-5dcc3762ac184fb5b994269c1c25e9bf.htm,https://pictures.dealer.com/generic-genesis-OEM_VIN_STOCK_PHOTOS/0317b80895385e2963a1d406d1510c49.jpg?impolicy=resize&w=1024
KMTG24SEXTU174911,GM260717,new,false,in-stock,2026,Genesis,G70,3.3T Prestige Graphite,Vatna Gray,Ultramarine Blue,Sedan/5 seats,AWD,8 speed automatic,3.3L V6 DGI DOHC 24V,,60430,61229,,2026-09-05T00:09:53.304Z,2026-09-14T14:52:22.997Z,10,new,https://www.genesisofmanchester.com/new/Genesis/2026-Genesis-G70-5dcc3031ac1828b6a6f15d4c95ceb4f8.htm,https://pictures.dealer.com/g/genesisofmanchestergen/0545/65e21a4c1fe0c81b45fcf0fb8aa63e94x.jpg?impolicy=resize&w=1024
KMTG54SE7TU176316,GM260750,new,false,in-stock,2026,Genesis,G70,3.3T Sport Prestige AWD,Capri Blue,Fog Gray Two-Tone,Sedan/5 seats,AWD,8 speed automatic,3.3L V6 DGI DOHC 24V,,58130,58929,,2026-09-05T00:09:53.304Z,2026-09-14T14:52:22.997Z,10,new,https://www.genesisofmanchester.com/new/Genesis/2026-Genesis-G70-1620d62eac1839c95d9eeb811e98aa2f.htm,https://pictures.dealer.com/g/genesisofmanchestergen/0922/bbb81480519ca676611719ed938b942ax.jpg?impolicy=resize&w=1024
KMTG54SE0TU176349,GM260767,new,false,in-stock,2026,Genesis,G70,3.3T Sport Prestige AWD,Makalu Gray,Sevilla Red/Obsidian Blk,Sedan/5 seats,AWD,8 speed automatic,3.3L V6 DGI DOHC 24V,,58130,58929,,2026-09-05T00:09:53.304Z,2026-09-14T14:52:22.997Z,10,new,https://www.genesisofmanchester.com/new/Genesis/2026-Genesis-G70-2aba8adcac1837a5dcecb048b08b644f.htm,https://pictures.dealer.com/generic-genesis-OEM_VIN_STOCK_PHOTOS/944f118bc53d1ed6738c7d3b216e74c3.jpg?impolicy=resize&w=1024
KMTG54SE5TU176220,GM260768,new,false,in-stock,2026,Genesis,G70,3.3T Sport Prestige AWD,Alta White,Fog Gray Two-Tone,Sedan/5 seats,AWD,8 speed automatic,3.3L V6 DGI DOHC 24V,,57560,58359,,2026-09-05T00:09:53.304Z,2026-09-14T14:52:22.997Z,10,new,https://www.genesisofmanchester.com/new/Genesis/2026-Genesis-G70-0bd4234dac184469d1e6af0f19defa38.htm,https://pictures.dealer.com/generic-genesis-OEM_VIN_STOCK_PHOTOS/0bf3db31e847b3c0a6db3d8c320043bc.jpg?impolicy=resize&w=1024
KMTG54SE5TU176346,GM260769,new,false,in-stock,2026,Genesis,G70,3.3T Sport Prestige AWD,Makalu Gray,Obsidian Black,Sedan/5 seats,AWD,8 speed automatic,3.3L V6 DGI DOHC 24V,,58210,59009,,2026-09-05T00:09:53.304Z,2026-09-14T14:52:22.997Z,10,new,https://www.genesisofmanchester.com/new/Genesis/2026-Genesis-G70-b570ff50ac184b703a7f6e3f085f7c48.htm,https://pictures.dealer.com/g/genesisofmanchestergen/1963/122f1bb3877f71730b247b470fcc36ecx.jpg?impolicy=resize&w=1024
KMTG54SE6TU177165,GM260791,new,false,in-stock,2026,Genesis,G70,3.3T Sport Prestige AWD,Capri Blue,Fog Gray Two-Tone,Sedan/5 seats,AWD,8 speed automatic,3.3L V6 DGI DOHC 24V,,58180,58979,,2026-09-05T00:09:53.304Z,2026-09-14T14:52:22.997Z,10,new,https://www.genesisofmanchester.com/new/Genesis/2026-Genesis-G70-b570fde6ac1817e23fdc224a3eaf5806.htm,https://pictures.dealer.com/g/genesisofmanchestergen/0922/bbb81480519ca676611719ed938b942ax.jpg?impolicy=resize&w=1024
KMTG24SEXTU177128,GM260792,new,false,in-stock,2026,Genesis,G70,3.3T Prestige Graphite,Vatna Gray,Ultramarine Blue,Sedan/5 seats,AWD,8 speed automatic,3.3L V6 DGI DOHC 24V,,60480,61279,,2026-09-05T00:09:53.304Z,2026-09-14T14:52:22.997Z,10,new,https://www.genesisofmanchester.com/new/Genesis/2026-Genesis-G70-86deb386ac185005b9496b41d0fe99b5.htm,https://pictures.dealer.com/g/genesisofmanchestergen/0545/65e21a4c1fe0c81b45fcf0fb8aa63e94x.jpg?impolicy=resize&w=1024
KMTG54SE7TU176297,GM260797,new,false,in-stock,2026,Genesis,G70,3.3T Sport Prestige AWD,Savile Silver,Fog Gray Two-Tone,Sedan/5 seats,AWD,8 speed automatic,3.3L V6 DGI DOHC 24V,,58235,59034,,2026-09-05T00:09:53.304Z,2026-09-14T14:52:22.997Z,10,new,https://www.genesisofmanchester.com/new/Genesis/2026-Genesis-G70-92e3307aac180aac8449eac6861edef1.htm,https://pictures.dealer.com/generic-genesis-OEM_VIN_STOCK_PHOTOS/bd32c21916f8a966daccd57510e8cd6c.jpg?impolicy=resize&w=1024
KMTG54SE7TU178194,GM260798,new,false,in-stock,2026,Genesis,G70,3.3T Sport Prestige AWD,Makalu Gray,Obsidian Black,Sedan/5 seats,AWD,8 speed automatic,3.3L V6 DGI DOHC 24V,,58210,59009,,2026-09-05T00:09:53.304Z,2026-09-14T14:52:22.997Z,10,new,https://www.genesisofmanchester.com/new/Genesis/2026-Genesis-G70-8dbc5d1dac180aac8449eac69d7eb324.htm,https://pictures.dealer.com/g/genesisofmanchestergen/1576/122f1bb3877f71730b247b470fcc36ecx.jpg?impolicy=resize&w=1024
KMTG24SE2TU178564,GM260802,new,false,in-stock,2026,Genesis,G70,3.3T Prestige Graphite,Ceres Blue,Ultramarine Blue,Sedan/5 seats,AWD,8 speed automatic,3.3L V6 DGI DOHC 24V,,61130,61929,,2026-09-05T00:09:53.304Z,2026-09-14T14:52:22.997Z,10,new,https://www.genesisofmanchester.com/new/Genesis/2026-Genesis-G70-8dbc6071ac1840e460b67eb23a45b904.htm,https://pictures.dealer.com/generic-genesis-OEM_VIN_STOCK_PHOTOS/49abf0d342c461eb0f4c2b65e92644e9.jpg?impolicy=resize&w=1024
KMTG54SE5TU178095,GM260803,new,false,in-stock,2026,Genesis,G70,3.3T Sport Prestige AWD,Capri Blue,Obsidian Black,Sedan/5 seats,AWD,8 speed automatic,3.3L V6 DGI DOHC 24V,,58210,59009,,2026-09-05T00:09:53.304Z,2026-09-14T14:52:22.997Z,10,new,https://www.genesisofmanchester.com/new/Genesis/2026-Genesis-G70-8dbc5e67ac180aac8449eac62582233c.htm,https://pictures.dealer.com/generic-genesis-OEM_VIN_STOCK_PHOTOS/8705af112dfc555801d91981c441672f.jpg?impolicy=resize&w=1024
KMTG34SC9TU178962,GM260804,new,false,in-stock,2026,Genesis,G70,2.5T Prestige AWD,Capri Blue,Obsidian Black,Sedan/5 seats,AWD,8 speed automatic,I4,,52990,53789,,2026-09-05T00:09:53.304Z,2026-09-14T14:52:22.997Z,10,new,https://www.genesisofmanchester.com/new/Genesis/2026-Genesis-G70-3109c736ac1806192e06a5e8963ae186.htm,https://pictures.dealer.com/generic-genesis-OEM_VIN_STOCK_PHOTOS/55b75c6f51d8fc8afb741ffea3f8913f.jpg?impolicy=resize&w=1024
KMTG64SCXTU179156,GM260805,new,false,in-stock,2026,Genesis,G70,2.5T AWD,Alta White,Obsidian Black,Sedan/5 seats,AWD,8 speed automatic,I4,,46945,47744,,2026-09-05T00:09:53.304Z,2026-09-14T14:52:22.997Z,10,new,https://www.genesisofmanchester.com/new/Genesis/2026-Genesis-G70-8dbc5be7ac185d005aaedd2082c516aa.htm,https://pictures.dealer.com/g/genesisofmanchestergen/1637/6dfe40d1855d2f1abbad6394f4f68577x.jpg?impolicy=resize&w=1024
KMTG64SC4TU177483,GM260809,new,false,in-stock,2026,Genesis,G70,2.5T AWD,Vatna Gray,Obsidian Black,Sedan/5 seats,AWD,8 speed automatic,I4,,47205,48004,,2026-09-05T00:09:53.304Z,2026-09-14T14:52:22.997Z,10,new,https://www.genesisofmanchester.com/new/Genesis/2026-Genesis-G70-e548307aac184a64f5d1c0fe76307c1f.htm,https://pictures.dealer.com/g/genesisofmanchestergen/1786/6757d6e61f7e8f2eb55d620f5c73b656x.jpg?impolicy=resize&w=1024
KMTG54SE6TU178767,GM260811,new,false,in-stock,2026,Genesis,G70,3.3T Sport Prestige AWD,Capri Blue,Fog Gray Two-Tone,Sedan/5 seats,AWD,8 speed automatic,3.3L V6 DGI DOHC 24V,,58210,59009,,2026-09-05T00:09:53.304Z,2026-09-14T14:52:22.997Z,10,new,https://www.genesisofmanchester.com/new/Genesis/2026-Genesis-G70-d18ad2d2ac18393f5dd5a4976b5f8446.htm,https://pictures.dealer.com/g/genesisofmanchestergen/0922/bbb81480519ca676611719ed938b942ax.jpg?impolicy=resize&w=1024
KMTG64SC0TU179537,GM260812,new,false,in-stock,2026,Genesis,G70,2.5T AWD,Vatna Gray,Obsidian Black,Sedan/5 seats,AWD,8 speed automatic,I4,,47440,48239,,2026-09-05T00:09:53.304Z,2026-09-14T14:52:22.997Z,10,new,https://www.genesisofmanchester.com/new/Genesis/2026-Genesis-G70-69af9800ac18083a2914417f70e03a9d.htm,https://pictures.dealer.com/g/genesisofmanchestergen/1786/6757d6e61f7e8f2eb55d620f5c73b656x.jpg?impolicy=resize&w=1024
KMTG24SE8TU177127,GM260821,new,false,in-stock,2026,Genesis,G70,3.3T Prestige Graphite,Vatna Gray,Ultramarine Blue,Sedan/5 seats,AWD,8 speed automatic,3.3L V6 DGI DOHC 24V,,60480,61279,,2026-09-05T00:09:53.304Z,2026-09-14T14:52:22.997Z,10,new,https://www.genesisofmanchester.com/new/Genesis/2026-Genesis-G70-ff0927e4ac18003fe20877a2bc6f0ad3.htm,https://pictures.dealer.com/g/genesisofmanchestergen/0545/65e21a4c1fe0c81b45fcf0fb8aa63e94x.jpg?impolicy=resize&w=1024
KMTG54SE4TU178542,GM260822,new,false,in-stock,2026,Genesis,G70,3.3T Sport Prestige AWD,Vik Black,Obsidian Black,Sedan/5 seats,AWD,8 speed automatic,3.3L V6 DGI DOHC 24V,,58170,58969,,2026-09-05T00:09:53.304Z,2026-09-14T14:52:22.997Z,10,new,https://www.genesisofmanchester.com/new/Genesis/2026-Genesis-G70-ff092142ac184a64f5d1c0fe5f3e012e.htm,https://pictures.dealer.com/g/genesisofmanchestergen/0264/ccfb2b78368f850af72d989887a402ebx.jpg?impolicy=resize&w=1024
KMTG54SE6TU177103,GM260823,new,false,in-stock,2026,Genesis,G70,3.3T Sport Prestige AWD,Alta White,Obsidian Black,Sedan/5 seats,AWD,8 speed automatic,3.3L V6 DGI DOHC 24V,,57455,58254,,2026-09-05T00:09:53.304Z,2026-09-14T14:52:22.997Z,10,new,https://www.genesisofmanchester.com/new/Genesis/2026-Genesis-G70-042e8e34ac1829bdcb8ca515ac9cb993.htm,https://pictures.dealer.com/g/genesisofmanchestergen/1944/8565c933376ce18d5350479f0b2ad173x.jpg?impolicy=resize&w=1024
KMTG64SC7TU179454,GM260826,new,false,in-stock,2026,Genesis,G70,2.5T AWD,Uyuni White,Obsidian Black,Sedan/5 seats,AWD,8 speed automatic,I4,,48090,48889,,2026-09-05T10:36:03.953Z,2026-09-14T14:52:22.997Z,10,new,https://www.genesisofmanchester.com/new/Genesis/2026-Genesis-G70-b1c94f73ac18065879bcb5eba3c3abc6.htm,https://pictures.dealer.com/generic-genesis-OEM_VIN_STOCK_PHOTOS/686f118bfec5a801fb1ce6cef4bb3efa.jpg?impolicy=resize&w=1024
KMTGB4SC4TU333937,GM260718,new,false,in-stock,2026,Genesis,G80,2.5T Advanced,Savile Silver,Obsidian Black,Sedan/5 seats,AWD,8 speed automatic,I4,,66850,67649,,2026-09-05T00:09:53.304Z,2026-09-14T14:52:22.997Z,10,new,https://www.genesisofmanchester.com/new/Genesis/2026-Genesis-G80-5dcc3157ac1849d2c697a70af6c58ffd.htm,https://pictures.dealer.com/generic-genesis-OEM_VIN_STOCK_PHOTOS/e154162652396babb7c5f5181ce746e9.jpg?impolicy=resize&w=1024
KMTGG4SD6TU336378,GM260720,new,false,in-stock,2026,Genesis,G80,3.5T Sport Prestige,Makalu Gray,Vanilla Beige/Ash Gray,Sedan/5 seats,AWD,8 speed automatic,3.5L V6 PDI Turbocharged DOHC 24V LEV3-ULEV50 375hp,,81215,82014,,2026-09-05T10:36:03.953Z,2026-09-14T14:52:22.997Z,10,new,https://www.genesisofmanchester.com/new/Genesis/2026-Genesis-G80-5dcc2cf8ac182bd95ba357c7d5438b06.htm,https://pictures.dealer.com/generic-genesis-OEM_VIN_STOCK_PHOTOS/01779c1c41d4a39aac66775d8345fe4d.jpg?impolicy=resize&w=1024
KMTGG4SD1VU340728,GM270001,new,false,in-stock,2027,Genesis,G80,3.5T Sport Prestige,Ceres Blue,Vanilla Beige/Ash Gray,Sedan/5 seats,AWD,8 speed automatic,V6,,81955,82754,,2026-09-05T10:36:03.953Z,2026-09-14T14:52:22.997Z,10,new,https://www.genesisofmanchester.com/new/Genesis/2027-Genesis-G80-3109c95eac185abe565e24b07d63da88.htm,https://pictures.dealer.com/g/genesisofmanchestergen/0362/94ce9f31c6578679287fa97f32ce7a11x.jpg?impolicy=resize&w=1024
KMTGG4SD4VU340674,GM270002,new,false,in-stock,2027,Genesis,G80,3.5T Sport Prestige,Vik Black,Obsidian Black w/Red Stit,Sedan/5 seats,AWD,8 speed automatic,V6,,81635,82434,,2026-09-05T00:09:53.304Z,2026-09-14T14:52:22.997Z,10,new,https://www.genesisofmanchester.com/new/Genesis/2027-Genesis-G80-3109c474ac18424fa430750e410b8359.htm,https://pictures.dealer.com/g/genesisofmanchestergen/0337/e383bccafe89ec7322282f7dca6092eex.jpg?impolicy=resize&w=1024
KMTGG4SD9VU341836,GM270014,new,false,in-stock,2027,Genesis,G80,3.5T Sport Prestige,Vik Black,Obsidian Black w/Red Stit,Sedan/5 seats,AWD,8 speed automatic,V6,,81595,82394,,2026-09-05T10:36:03.953Z,2026-09-14T14:52:22.997Z,10,new,https://www.genesisofmanchester.com/new/Genesis/2027-Genesis-G80-86deb187ac1825bc039c1527dcee6d31.htm,https://pictures.dealer.com/g/genesisofmanchestergen/1097/fbbb6640dcd6f071d51ca05cc0f01cdcx.jpg?impolicy=resize&w=1024
KMTGA4SC0VU343841,GM270018,new,false,in-stock,2027,Genesis,G80,2.5T,Capri Blue,New Camel,Sedan/5 seats,AWD,8 speed automatic,I4,,61855,62654,,2026-09-05T10:36:03.953Z,2026-09-14T14:52:22.997Z,10,new,https://www.genesisofmanchester.com/new/Genesis/2027-Genesis-G80-5a3c9500ac183ebb689d7c6d89ed2fe6.htm,https://pictures.dealer.com/g/genesisofmanchestergen/0678/0200a9f42ebd1bebde6fdfff59766399x.jpg?impolicy=resize&w=1024
KMTGC4SC2VU343849,GM270019,new,false,in-stock,2027,Genesis,G80,2.5T Sport Prestige,Uyuni White,Obsidian Black w/Red Stit,Sedan/5 seats,AWD,8 speed automatic,I4,,72980,73779,,2026-09-05T10:36:03.953Z,2026-09-14T14:52:22.997Z,10,new,https://www.genesisofmanchester.com/new/Genesis/2027-Genesis-G80-5a3c9627ac184bdbc2704395f068b255.htm,https://pictures.dealer.com/g/genesisofmanchestergen/1886/6c0e9a082c6c53a3ef6c730f59875988x.jpg?impolicy=resize&w=1024
KMTGG4SD9VU349354,GM270061,new,false,in-stock,2027,Genesis,G80,3.5T,Uyuni White,Vanilla Beige/Ash Gray,Sedan/5 seats,AWD,8 speed automatic,V6,,81295,82094,,2026-09-05T10:36:03.953Z,2026-09-14T14:52:22.997Z,10,new,https://www.genesisofmanchester.com/new/Genesis/2027-Genesis-G80-8dbc5aa5ac181c46cdfd0dfea981fe02.htm,https://pictures.dealer.com/g/genesisofmanchestergen/0922/35d093d0f998461191b29994455c2882x.jpg?impolicy=resize&w=1024
KMTGA4SC3VU343610,GM270085,new,false,in-stock,2027,Genesis,G80,2.5T AWD,Uyuni White,Obsidian Black,Sedan/5 seats,AWD,8 speed automatic,I4,,61645,62444,,2026-09-05T10:36:03.953Z,2026-09-14T14:52:22.997Z,10,new,https://www.genesisofmanchester.com/new/Genesis/2027-Genesis-G80-ff092938ac1846fa1e332511e2b3be7f.htm,https://pictures.dealer.com/g/genesisofmanchestergen/0585/6ccd978367d4df9c8350809b08ecd7b9x.jpg?impolicy=resize&w=1024
KMTGB4SC1VU343876,GM270086,new,false,in-stock,2027,Genesis,G80,2.5T Advanced AWD,Uyuni White,Obsidian Black,Sedan/5 seats,AWD,8 speed automatic,I4,,67035,67834,,2026-09-05T10:36:03.953Z,2026-09-14T14:52:22.997Z,10,new,https://www.genesisofmanchester.com/new/Genesis/2027-Genesis-G80-e5483e68ac185c8404187ace3c26deef.htm,https://pictures.dealer.com/g/genesisofmanchestergen/0821/987048543ee508eb2c8926739d02ff25x.jpg?impolicy=resize&w=1024
KMTGC4SC4VU349264,GM270087,new,false,in-stock,2027,Genesis,G80,2.5T Sport Prestige AWD,Vatna Gray,Sevilla Red/Obsidian Blk,Sedan/5 seats,AWD,8 speed automatic,I4,,73165,73964,,2026-09-05T10:36:03.953Z,2026-09-14T14:52:22.997Z,10,new,https://www.genesisofmanchester.com/new/Genesis/2027-Genesis-G80-69af9a3aac18013719a6da34e401e804.htm,https://pictures.dealer.com/g/genesisofmanchestergen/1817/77352d4cefbc27f78e666e15b9924099x.jpg?impolicy=resize&w=1024
KMTGC4SC5VU349113,GM270088,new,false,in-stock,2027,Genesis,G80,2.5T Sport Prestige AWD,Ceres Blue,Vanilla Beige/Ash Gray,Sedan/5 seats,AWD,8 speed automatic,I4,,73315,74114,,2026-09-05T10:36:03.953Z,2026-09-14T14:52:22.997Z,10,new,https://www.genesisofmanchester.com/new/Genesis/2027-Genesis-G80-69af9585ac183586ac64e56a9503590c.htm,https://pictures.dealer.com/g/genesisofmanchestergen/1043/a0a6735ea991dc1abe1c086554b2e812x.jpg?impolicy=resize&w=1024
KMTGC4SC9VU349292,GM270089,new,false,in-stock,2027,Genesis,G80,2.5T Sport Prestige AWD,Ceres Blue,Obsidian Black w/Red Stit,Sedan/5 seats,AWD,8 speed automatic,I4,,72595,73394,,2026-09-05T10:36:03.953Z,2026-09-14T14:52:22.997Z,10,new,https://www.genesisofmanchester.com/new/Genesis/2027-Genesis-G80-8dbc617bac18221a7f70d51edabb985d.htm,https://pictures.dealer.com/g/genesisofmanchestergen/1989/0c115d2c78613f78f165045bc7cf7b1bx.jpg?impolicy=resize&w=1024
KMTGC4SCXVU349107,GM270090,new,false,in-stock,2027,Genesis,G80,2.5T Sport Prestige AWD,Ceres Blue,Vanilla Beige/Ash Gray,Sedan/5 seats,AWD,8 speed automatic,I4,,73125,73924,,2026-09-05T10:36:03.953Z,2026-09-14T14:52:22.997Z,10,new,https://www.genesisofmanchester.com/new/Genesis/2027-Genesis-G80-69af9937ac183586ac64e56ad1e3e286.htm,https://pictures.dealer.com/g/genesisofmanchestergen/0788/92982efcf6436defec81c857dceecffbx.jpg?impolicy=resize&w=1024
KMTGG4SD6VU341583,GM270091,new,false,in-stock,2027,Genesis,G80,3.5T Sport Prestige,Vik Black,Obsidian Black w/Red Stit,Sedan/5 seats,AWD,8 speed automatic,V6,,81915,82714,,2026-09-05T10:36:03.953Z,2026-09-14T14:52:22.997Z,10,new,https://www.genesisofmanchester.com/new/Genesis/2027-Genesis-G80-17105d24ac1846fa1e332511cdb6022e.htm,https://pictures.dealer.com/g/genesisofmanchestergen/1097/fbbb6640dcd6f071d51ca05cc0f01cdcx.jpg?impolicy=resize&w=1024
KMTGG4SD9VU341853,GM270092,new,false,in-stock,2027,Genesis,G80,3.5T Sport Prestige AWD,Savile Silver,Obsidian Black w/Red Stit,Sedan/5 seats,AWD,8 speed automatic,V6,,81400,82199,,2026-09-05T10:36:03.953Z,2026-09-14T14:52:22.997Z,10,new,https://www.genesisofmanchester.com/new/Genesis/2027-Genesis-G80-3109c591ac1818e15e383b479c137968.htm,https://pictures.dealer.com/g/genesisofmanchestergen/1637/0cd883f60a29b71fdc99bdb2518b8eb8x.jpg?impolicy=resize&w=1024
KMTGC4SC8VU343788,GM270093,new,false,in-stock,2027,Genesis,G80,2.5T Sport Prestige AWD,Vik Black,Obsidian Black w/Red Stit,Sedan/5 seats,AWD,8 speed automatic,I4,,72995,73794,,2026-09-05T10:36:03.953Z,2026-09-14T14:52:22.997Z,10,new,https://www.genesisofmanchester.com/new/Genesis/2027-Genesis-G80-98094ddcac184d2b5dd6c162564b0ba2.htm,https://pictures.dealer.com/g/genesisofmanchestergen/1048/8e64e88292c1b8854d41ff35fba2639fx.jpg?impolicy=resize&w=1024
KMTGG4SD4VU349438,GM270096,new,false,in-stock,2027,Genesis,G80,3.5T Sport Prestige,Vatna Gray,Obsidian Black w/Red Stit,Sedan/5 seats,AWD,8 speed automatic,V6,,81850,82649,,2026-09-05T10:36:03.953Z,2026-09-14T14:52:22.997Z,10,new,https://www.genesisofmanchester.com/new/Genesis/2027-Genesis-G80-69af9695ac185d005aaedd20d1129eca.htm,https://pictures.dealer.com/g/genesisofmanchestergen/1678/e26f3a1895b3dd24275f109396682efdx.jpg?impolicy=resize&w=1024
KMTGA4SC3VU350198,GM270100,new,false,in-stock,2027,Genesis,G80,2.5T,Capri Blue,New Camel,Sedan/5 seats,AWD,8 speed automatic,I4,,62170,62969,,2026-09-05T10:36:03.953Z,2026-09-14T14:52:22.997Z,10,new,https://www.genesisofmanchester.com/new/Genesis/2027-Genesis-G80-b1c9518fac1809a22d7424232a96c575.htm,https://pictures.dealer.com/generic-genesis-OEM_VIN_STOCK_PHOTOS/a2bef5a8eb55149504574e6078028e3e.jpg?impolicy=resize&w=1024
KMTGC4SC2VU349473,GM270101,new,false,in-stock,2027,Genesis,G80,2.5T Sport Prestige,Savile Silver,Obsidian Black w/Red Stit,Sedan/5 seats,AWD,8 speed automatic,I4,,73365,74164,,2026-09-05T10:36:03.953Z,2026-09-14T14:52:22.997Z,10,new,https://www.genesisofmanchester.com/new/Genesis/2027-Genesis-G80-042e8d04ac184a64f5d1c0fe996b8e76.htm,https://pictures.dealer.com/generic-genesis-OEM_VIN_STOCK_PHOTOS/dfccc68205ef40f5216994d1ded79a0e.jpg?impolicy=resize&w=1024
KMTGC4SC4VU349278,GM270102,new,false,in-stock,2027,Genesis,G80,2.5T Sport Prestige,Vatna Gray,Obsidian Black w/Red Stit,Sedan/5 seats,AWD,8 speed automatic,I4,,72940,73739,,2026-09-05T10:36:03.953Z,2026-09-14T14:52:22.997Z,10,new,https://www.genesisofmanchester.com/new/Genesis/2027-Genesis-G80-e54833e6ac1849ee428c30afba80aabc.htm,https://pictures.dealer.com/g/genesisofmanchestergen/1800/5d83d47ba5754dc089db33cf7595b9a2x.jpg?impolicy=resize&w=1024
KMTGG4SD5VU349318,GM270103,new,false,in-stock,2027,Genesis,G80,3.5T Sport Prestige,Savile Silver,Obsidian Black w/Red Stit,Sedan/5 seats,AWD,8 speed automatic,V6,,81815,82614,,2026-09-05T10:36:03.953Z,2026-09-14T14:52:22.997Z,10,new,https://www.genesisofmanchester.com/new/Genesis/2027-Genesis-G80-b1c949a2ac1810ac5033d1c6070b6199.htm,https://pictures.dealer.com/g/genesisofmanchestergen/0291/f71d64c08b9ea96a33f0f4273dee5c1bx.jpg?impolicy=resize&w=1024
KMTGG4SD7VU349501,GM270104,new,false,in-stock,2027,Genesis,G80,3.5T Sport Prestige,Vatna Gray,Obsidian Black w/Red Stit,Sedan/5 seats,AWD,8 speed automatic,V6,,81850,82649,,2026-09-05T10:36:03.953Z,2026-09-14T14:52:22.997Z,10,new,https://www.genesisofmanchester.com/new/Genesis/2027-Genesis-G80-b1c94e2fac1843b4d08f34f92ea692a3.htm,https://pictures.dealer.com/g/genesisofmanchestergen/1350/5165831202930717e5b7f099b1d54f7ax.jpg?impolicy=resize&w=1024
KMTGF4SD4VU340662,GM270117,new,false,in-stock,2027,Genesis,G80,3.5T Prestige Black,Uyuni White,Obsidian Black,Sedan/5 seats,AWD,8 speed automatic,V6,,82770,83569,,2026-09-05T10:36:03.953Z,2026-09-14T14:52:22.997Z,10,new,https://www.genesisofmanchester.com/new/Genesis/2027-Genesis-G80-e5484342ac18341fab2e75cb3bf37ecf.htm,https://pictures.dealer.com/g/genesisofmanchestergen/0666/4f9a6c69de769b1e9a5165adcbda628dx.jpg?impolicy=resize&w=1024
KMTGC4SC5VU349211,GM270122,new,false,in-stock,2027,Genesis,G80,2.5T Sport Prestige,Vik Black,Sevilla Red/Obsidian Blk,Sedan/5 seats,AWD,8 speed automatic,I4,,73110,73909,,2026-09-05T10:36:03.953Z,2026-09-14T14:52:22.997Z,10,new,https://www.genesisofmanchester.com/new/Genesis/2027-Genesis-G80-042e8bc3ac1829bdcb8ca515740085ab.htm,https://pictures.dealer.com/generic-genesis-OEM_VIN_STOCK_PHOTOS/171b710f5af330561df70d1c33f8f3b3.jpg?impolicy=resize&w=1024
KMTGG4SD6VU350669,GM270134,new,false,in-stock,2027,Genesis,G80,3.5T Sport Prestige,Vik Black,Obsidian Black w/Red Stit,Sedan/5 seats,AWD,8 speed automatic,V6,,81820,82619,,2026-09-05T10:36:03.953Z,2026-09-14T14:52:22.997Z,10,new,https://www.genesisofmanchester.com/new/Genesis/2027-Genesis-G80-c13bd074ac1843b4d08f34f9169ab837.htm,https://pictures.dealer.com/g/genesisofmanchestergen/1097/fbbb6640dcd6f071d51ca05cc0f01cdcx.jpg?impolicy=resize&w=1024
KMTGG4SD7VU350776,GM270135,new,false,in-stock,2027,Genesis,G80,3.5T Sport Prestige,Vatna Gray,Obsidian Black w/Red Stit,Sedan/5 seats,AWD,8 speed automatic,V6,,81710,82509,,2026-09-05T10:36:03.953Z,2026-09-14T14:52:22.997Z,10,new,https://www.genesisofmanchester.com/new/Genesis/2027-Genesis-G80-c13bcd7cac185a7cf19ec641231142da.htm,https://pictures.dealer.com/generic-genesis-OEM_VIN_STOCK_PHOTOS/6469c329055645a3a3daa534bf9573ae.jpg?impolicy=resize&w=1024
KMTGC4SC7VU340915,GM270151S,new,false,in-stock,2027,Genesis,G80,2.5T Sport Prestige,Uyuni White,Vanilla Beige/Ash Gray,Sedan/5 seats,AWD,8 speed automatic,I4,,72895,73694,,2026-09-10T12:54:07.000Z,2026-09-14T14:52:22.997Z,5,new,https://www.genesisofmanchester.com/new/Genesis/2027-Genesis-G80-87806ae0ac1847cfb9a6796064f36003.htm,https://pictures.dealer.com/generic-genesis-OEM_VIN_STOCK_PHOTOS/29d44ca7825f7b042de092188ad7a107.jpg?impolicy=resize&w=1024
KMTFC4SD7TU063572,GM260810,new,false,in-stock,2026,Genesis,G90,3.5T e-SC,Uyuni White,Black,Sedan/5 seats,AWD,8 speed automatic,3.5L V6 DGI Supercharged DOHC 24V LEV3-ULEV70 409hp,,105595,101394,,2026-09-05T00:09:53.304Z,2026-09-14T14:52:22.997Z,10,new,https://www.genesisofmanchester.com/new/Genesis/2026-Genesis-G90-e5482f34ac182cb6d83888abd25da9c1.htm,https://pictures.dealer.com/g/genesisofmanchestergen/1531/aa5b43279f28b444ac6fac3636ad2a70x.jpg?impolicy=resize&w=1024
KMUKB4SA2VU032588,GM270053,new,false,in-stock,2027,Genesis,GV60,19,Uyuni White,Obsidian Black,,RWD,,Electric Motor,,48670,49469,,2026-09-05T10:36:03.953Z,2026-09-14T14:52:22.997Z,10,new,https://www.genesisofmanchester.com/new/Genesis/2027-Genesis-GV60-e5482e34ac185c3035c89e2303acc582.htm,https://pictures.dealer.com/g/genesisofmanchestergen/1472/2c3730e850305bd936d570c5d076d41ex.jpg?impolicy=resize&w=1024
5NMMEDTC0TH057366,GM260454,new,false,in-stock,2026,Genesis,GV70,3.5T Sport Prestige AWD,Alta White,Vanilla Beige/Black,SUV/5 seats,AWD,8 speed automatic,3.5L DOHC,,73170,70993,,2026-09-05T00:19:18.849Z,2026-09-14T14:52:22.997Z,10,new,https://www.genesisofmanchester.com/new/Genesis/2026-Genesis-GV70-eefc7139ac18160781e3847587858717.htm,https://pictures.dealer.com/generic-genesis-OEM_VIN_STOCK_PHOTOS/ff8aeb130bb6bf0d2c5ee8e0cbf212d3.jpg?impolicy=resize&w=1024
KMUMEDTC0TU274308,GM260473,new,false,in-stock,2026,Genesis,GV70,3.5T Sport Prestige AWD,Makalu Gray,Vanilla Beige/Black,SUV/5 seats,AWD,8 speed automatic,3.5L DOHC,,74190,71982,,2026-09-05T10:36:03.953Z,2026-09-14T14:52:22.997Z,10,new,https://www.genesisofmanchester.com/new/Genesis/2026-Genesis-GV70-f422cbc0ac185b54f99274c23ba432fe.htm,https://pictures.dealer.com/generic-genesis-OEM_VIN_STOCK_PHOTOS/7bdd38f9074e086a066b1c4be33343ed.jpg?impolicy=resize&w=1024
5NMMEDTC8TH059009,GM260474,new,false,in-stock,2026,Genesis,GV70,3.5T Sport Prestige AWD,Mauna Red,Vanilla Beige/Black,SUV/5 seats,AWD,8 speed automatic,3.5L DOHC,,73240,71124,,2026-09-05T10:36:03.953Z,2026-09-14T14:52:22.997Z,10,new,https://www.genesisofmanchester.com/new/Genesis/2026-Genesis-GV70-3482257fac180fbb4f0b0eeaae9ecc91.htm,https://pictures.dealer.com/generic-genesis-OEM_VIN_STOCK_PHOTOS/20b84fbd139848206d144f744f79c293.jpg?impolicy=resize&w=1024
KMUMEDTC2TU280353,GM260587,new,false,in-stock,2026,Genesis,GV70,3.5T Sport Prestige AWD,Makalu Gray,Vanilla Beige/Black,SUV/5 seats,AWD,8 speed automatic,3.5L DOHC,,73240,71124,,2026-09-05T10:36:03.953Z,2026-09-14T14:52:22.997Z,10,new,https://www.genesisofmanchester.com/new/Genesis/2026-Genesis-GV70-98eebc60ac184d4c7240f9fe6d2d1e1c.htm,https://pictures.dealer.com/generic-genesis-OEM_VIN_STOCK_PHOTOS/7bdd38f9074e086a066b1c4be33343ed.jpg?impolicy=resize&w=1024
KMUMEDTC1TU282630,GM260625,new,false,in-stock,2026,Genesis,GV70,3.5T Sport Prestige AWD,Makalu Gray,Vanilla Beige/Black,SUV/5 seats,AWD,8 speed automatic,3.5L DOHC,,73735,71547,,2026-09-05T10:36:03.953Z,2026-09-14T14:52:22.997Z,10,new,https://www.genesisofmanchester.com/new/Genesis/2026-Genesis-GV70-cd4a8766ac18507099e703838290462e.htm,https://pictures.dealer.com/generic-genesis-OEM_VIN_STOCK_PHOTOS/7bdd38f9074e086a066b1c4be33343ed.jpg?impolicy=resize&w=1024
KMUMEDTC8TU288716,GM260676,new,false,in-stock,2026,Genesis,GV70,3.5T Sport Prestige AWD,Makalu Gray,Vanilla Beige/Black,SUV/5 seats,AWD,8 speed automatic,3.5L DOHC,,74080,71820,,2026-09-05T10:36:03.953Z,2026-09-14T14:52:22.997Z,10,new,https://www.genesisofmanchester.com/new/Genesis/2026-Genesis-GV70-95466cf7ac1837f47d123b9063a6ef85.htm,https://pictures.dealer.com/generic-genesis-OEM_VIN_STOCK_PHOTOS/7bdd38f9074e086a066b1c4be33343ed.jpg?impolicy=resize&w=1024
KMUMEDTC9TU288689,GM260730,new,false,in-stock,2026,Genesis,GV70,3.5T Sport Prestige AWD,Makalu Gray,Vanilla Beige/Black,SUV/5 seats,AWD,8 speed automatic,3.5L DOHC,,73240,71124,,2026-09-05T10:36:03.953Z,2026-09-14T14:52:22.997Z,10,new,https://www.genesisofmanchester.com/new/Genesis/2026-Genesis-GV70-5dcc1f9bac185f3310451e5996bacbe8.htm,https://pictures.dealer.com/generic-genesis-OEM_VIN_STOCK_PHOTOS/7bdd38f9074e086a066b1c4be33343ed.jpg?impolicy=resize&w=1024
5NMMADTB0TH068127,GM260818S,new,false,in-stock,2026,Genesis,GV70,2.5T AWD,Mauna Red,Vanilla Beige/Black,SUV/5 seats,AWD,8 speed automatic,2.5L DOHC,,51810,52609,,2026-09-05T00:09:53.304Z,2026-09-14T14:52:22.997Z,10,new,https://www.genesisofmanchester.com/new/Genesis/2026-Genesis-GV70-10a0ae7cac181da0dd1bebc3dc8b1025.htm,https://pictures.dealer.com/generic-genesis-OEM_VIN_STOCK_PHOTOS/fe705da53bf9dd2c3256b61772f7e38c.jpg?impolicy=resize&w=1024
5NMMEDTC8TH061228,GM260819S,new,false,in-stock,2026,Genesis,GV70,3.5T Sport Prestige AWD,Ceres Blue,Obsidian Black,SUV/5 seats,AWD,8 speed automatic,3.5L DOHC,,74425,74425,,2026-09-05T10:36:03.953Z,2026-09-14T14:52:22.997Z,10,new,https://www.genesisofmanchester.com/new/Genesis/2026-Genesis-GV70-110e873eac1829bdac25aaf1cd18245b.htm,https://pictures.dealer.com/generic-genesis-OEM_VIN_STOCK_PHOTOS/dfa1976bbafe8d6d88bc43bd7b84a6e0.jpg?impolicy=resize&w=1024
KMUMADTB3VU297782,GM270052,new,false,in-stock,2027,Genesis,GV70,2.5T,Alta White,Vanilla Beige/Black,SUV/5 seats,AWD,8 speed automatic,2.5L DOHC,,51450,52249,,2026-09-05T10:36:03.953Z,2026-09-14T14:52:22.997Z,10,new,https://www.genesisofmanchester.com/new/Genesis/2027-Genesis-GV70-5fd0bc70ac184bdbc27043952be057d2.htm,https://pictures.dealer.com/generic-genesis-OEM_VIN_STOCK_PHOTOS/95f4d8c52417d0ffe54dfd20d666da71.jpg?impolicy=resize&w=1024
KMUMCDTB0VU300888,GM270107,new,false,in-stock,2027,Genesis,GV70,2.5T Advanced,Makalu Gray,Obsidian Black,SUV/5 seats,AWD,8 speed automatic,2.5L DOHC,,59245,60044,,2026-09-05T10:36:03.953Z,2026-09-14T14:52:22.997Z,10,new,https://www.genesisofmanchester.com/new/Genesis/2027-Genesis-GV70-ff091443ac185c8404187aced97a3d58.htm,https://pictures.dealer.com/g/genesisofmanchestergen/0988/ebedeb07b0226d3cb633229f78b0c2efx.jpg?impolicy=resize&w=1024
KMUMCDTB9VU300579,GM270132,new,false,in-stock,2027,Genesis,GV70,2.5T Advanced,Alta White,Obsidian Black,SUV/5 seats,AWD,8 speed automatic,2.5L DOHC,,58595,59394,,2026-09-05T10:36:03.953Z,2026-09-14T14:52:22.997Z,10,new,https://www.genesisofmanchester.com/new/Genesis/2027-Genesis-GV70-ff0903d3ac180936a0a72ed812e67319.htm,https://pictures.dealer.com/generic-genesis-OEM_VIN_STOCK_PHOTOS/b4db2949b5dabe8e4be6e29eb2bed5bf.jpg?impolicy=resize&w=1024
KMUMCDTB4VU302045,GM270144,new,false,in-stock,2027,Genesis,GV70,2.5T Advanced,Makalu Gray,Frozen Gray/Urban Brown,SUV/5 seats,AWD,8 speed automatic,2.5L DOHC,,59835,60634,,2026-09-05T10:36:03.953Z,2026-09-14T14:52:22.997Z,10,new,https://www.genesisofmanchester.com/new/Genesis/2027-Genesis-GV70-1dee7474ac185c3035c89e23dc2b262e.htm,https://pictures.dealer.com/generic-genesis-OEM_VIN_STOCK_PHOTOS/d82aa1e85fa6d66b67d885e515828bf1.jpg?impolicy=resize&w=1024
KMUMCDTB2VU302173,GM270156,new,false,in-stock,2027,Genesis,GV70,2.5T Advanced,Savile Silver,Obsidian Black,SUV/5 seats,AWD,8 speed automatic,2.5L DOHC,,59835,60634,,2026-09-05T10:36:03.953Z,2026-09-14T14:52:22.997Z,10,new,https://www.genesisofmanchester.com/new/Genesis/2027-Genesis-GV70-1dee6e25ac181da0dd1bebc3df3dc540.htm,https://pictures.dealer.com/generic-genesis-OEM_VIN_STOCK_PHOTOS/071202c095ea079e0951e73dc4ff92e2.jpg?impolicy=resize&w=1024
KMUHBESB4TU335748,GM260544,new,false,in-stock,2026,Genesis,GV80,2.5T Advanced,Capri Blue,Obsidian Black,SUV/7 seats,AWD,8 speed automatic,2.5L DOHC,,70935,68904,,2026-09-05T00:09:53.304Z,2026-09-14T14:52:22.997Z,10,new,https://www.genesisofmanchester.com/new/Genesis/2026-Genesis-GV80-6048a313ac18160793fbd8909a39628e.htm,https://pictures.dealer.com/generic-genesis-OEM_VIN_STOCK_PHOTOS/67935a314771a9dec0435937dab04651.jpg?impolicy=resize&w=1024
KMUHEESC3TU350547,GM260744,new,false,in-stock,2026,Genesis,GV80,3.5T Prestige,Savile Silver,Vanilla Beige/Smoky Green,SUV/7 seats,AWD,8 speed automatic,3.5L DOHC,,84475,81902,,2026-09-05T10:36:03.953Z,2026-09-14T14:52:22.997Z,10,new,https://www.genesisofmanchester.com/new/Genesis/2026-Genesis-GV80-0bd420e2ac1822957fb0b48b482958d1.htm,https://pictures.dealer.com/generic-genesis-OEM_VIN_STOCK_PHOTOS/bd5d611f8232852ef1b5cdadad7553f4.jpg?impolicy=resize&w=1024
KMUHCESC3VU360665,GM270126,new,false,in-transit,2027,Genesis,GV80,3.5T Prestige Black,Uyuni White,Obsidian Black,SUV/5 seats,AWD,8 speed automatic,V6,,87260,88059,,2026-09-05T10:36:03.953Z,2026-09-14T14:52:22.997Z,10,new,https://www.genesisofmanchester.com/new/Genesis/2027-Genesis-GV80-b1c94d05ac184b2fa8c895f9f4a2fc67.htm,https://pictures.dealer.com/generic-genesis-OEM_VIN_STOCK_PHOTOS/5dc558338ecc08bbeee94a15795c6eda.jpg?impolicy=resize&w=1024
KMUHCESC9VU363912,GM270136,new,false,in-transit,2027,Genesis,GV80,3.5T Prestige Black,Vik Black,Obsidian Black,SUV/5 seats,AWD,8 speed automatic,V6,,87375,88174,,2026-09-05T10:36:03.953Z,2026-09-14T14:52:22.997Z,10,new,https://www.genesisofmanchester.com/new/Genesis/2027-Genesis-GV80-c13bd171ac1829477e81ca7093e42639.htm,https://pictures.dealer.com/generic-genesis-OEM_VIN_STOCK_PHOTOS/1f906be34146a83a61d3ca2faac04239.jpg?impolicy=resize&w=1024
KMUJBESCXVU363955,363955,new,false,in-transit,2027,Genesis,GV80 Coupe,3.5T E-SC Mhev Prestige,Ceres Blue Matte,Ultramarine Blue,SUV/5 seats,AWD,8 speed automatic,Start,,92345,93144,,2026-09-05T10:36:03.953Z,2026-09-14T14:52:22.997Z,10,new,https://www.genesisofmanchester.com/new/Genesis/2027-Genesis-GV80-Coupe-d5d55cdfac184d711ce89ad0a205ed08.htm,https://pictures.dealer.com/generic-genesis-OEM_VIN_STOCK_PHOTOS/46681d061a00f87113f3cb947bdd6191.jpg?impolicy=resize&w=1024
KMUJBESC8VU364425,364425,new,false,in-transit,2027,Genesis,GV80 Coupe,3.5T e-SC Prestige,Vik Black,Sevilla Red/Obsidian Blk,SUV/5 seats,AWD,8 speed automatic,Start,,91505,92304,,2026-09-05T10:36:03.953Z,2026-09-14T14:52:22.997Z,10,new,https://www.genesisofmanchester.com/new/Genesis/2027-Genesis-GV80-Coupe-3287c86dac1829bdebbeb559dedbec86.htm,https://pictures.dealer.com/generic-genesis-OEM_VIN_STOCK_PHOTOS/afb415142ecd4c91a117efa5301a8160.jpg?impolicy=resize&w=1024
KMUJBESCXTU307513,GM260243,new,false,in-stock,2026,Genesis,GV80 Coupe,3.5T e-SC,Uyuni White,Obsidian Black,SUV/5 seats,AWD,8 speed automatic,3.5L V6,,90160,87316,,2026-09-05T10:36:03.953Z,2026-09-14T14:52:22.997Z,10,new,https://www.genesisofmanchester.com/new/Genesis/2026-Genesis-GV80-Coupe-705ff11dac181c7ea8bbb837c84b2e68.htm,https://pictures.dealer.com/generic-genesis-OEM_VIN_STOCK_PHOTOS/fe3a4522614b529c8ae5fabf738e1f82.jpg?impolicy=resize&w=1024
KMUJBESC6TU316922,GM260336,new,false,in-stock,2026,Genesis,GV80 Coupe,3.5T e-SC,Uyuni White,Ultramarine Blue w/Orange,SUV/5 seats,AWD,8 speed automatic,3.5L V6,,90165,87314,,2026-09-05T10:36:03.953Z,2026-09-14T14:52:22.997Z,10,new,https://www.genesisofmanchester.com/new/Genesis/2026-Genesis-GV80-Coupe-7c7d1e90ac1842321f1961a9568a3daa.htm,https://pictures.dealer.com/generic-genesis-OEM_VIN_STOCK_PHOTOS/fe3a4522614b529c8ae5fabf738e1f82.jpg?impolicy=resize&w=1024
KMUJBESC8TU314623,GM260352,new,false,in-stock,2026,Genesis,GV80 Coupe,3.5T e-SC,Makalu Gray,Sevilla Red/Obsidian Blk,SUV/5 seats,AWD,8 speed automatic,3.5L V6,,90220,87365,,2026-09-05T10:36:03.953Z,2026-09-14T14:52:22.997Z,10,new,https://www.genesisofmanchester.com/new/Genesis/2026-Genesis-GV80-Coupe-7c7d138aac180390169ccca11caa304c.htm,https://pictures.dealer.com/generic-genesis-OEM_VIN_STOCK_PHOTOS/573d1dfb575c1a94c46cf8877ef46745.jpg?impolicy=resize&w=1024
KMUJBESC8TU346777,GM260828S,new,false,in-stock,2026,Genesis,GV80 Coupe,3.5T e-SC,Bering Blue,Ultramarine Blue w/Orange,SUV/5 seats,AWD,8 speed automatic,3.5L V6,,90445,90445,,2026-09-10T12:54:07.000Z,2026-09-14T14:52:22.997Z,5,new,https://www.genesisofmanchester.com/new/Genesis/2026-Genesis-GV80-Coupe-8877ca67ac180ee004f7d21e71dd3e1a.htm,https://pictures.dealer.com/generic-genesis-OEM_VIN_STOCK_PHOTOS/4be107ff9f9e035b99c42e3cc9234c0f.jpg?impolicy=resize&w=1024
KMUJDESC6VU363817,GM270137,new,false,in-transit,2027,Genesis,GV80 Coupe,3.5T E-SC Mhev Black,Uyuni White,Obsidian Black,SUV/5 seats,AWD,8 speed automatic,Start,,93135,93934,,2026-09-05T10:36:03.953Z,2026-09-14T14:52:22.997Z,10,new,https://www.genesisofmanchester.com/new/Genesis/2027-Genesis-GV80-Coupe-c13bce7cac1809a92caa6c072de09043.htm,https://pictures.dealer.com/generic-genesis-OEM_VIN_STOCK_PHOTOS/31a6866208ecbc16d1f7d7ba5901814c.jpg?impolicy=resize&w=1024
5NMMBDTB9TH052568,GM260311L,certified,true,in-stock,2026,Genesis,GV70,2.5T Advanced AWD,Mauna Red,Black,SUV/5 seats,All-Wheel Drive,8-Speed Automatic with SHIFTRONIC,I-4 cyl,3473,,52999,,2026-09-05T10:36:03.953Z,2026-09-14T14:52:22.997Z,10,certified,https://www.genesisofmanchester.com/certified/Genesis/2026-Genesis-GV70-77564fb7ac1842321f1961a97cfec636.htm,https://pictures.dealer.com/g/genesisofmanchestergen/0914/f45b5e2251451d65d23de5a5cb566fb6x.jpg?impolicy=resize&w=1024
5NMMFDTB6TH052953,GM260358L,certified,true,in-stock,2026,Genesis,GV70,2.5T Sport Prestige AWD,Mauna Red,Black,SUV/5 seats,All-Wheel Drive,8-Speed Automatic with SHIFTRONIC,I-4 cyl,2945,,56999,,2026-09-05T10:36:03.953Z,2026-09-14T14:52:22.997Z,10,certified,https://www.genesisofmanchester.com/certified/Genesis/2026-Genesis-GV70-ac1f83b7ac180c4ef1f8d829135232ba.htm,https://pictures.dealer.com/g/genesisofmanchestergen/0292/ecdcea0c1d47966fa19215d0b02649e7x.jpg?impolicy=resize&w=1024
5NMMFDTB3TH058242,GM260458L,certified,true,in-stock,2026,Genesis,GV70,2.5T Sport Prestige AWD,Capri Blue,Black,SUV/5 seats,All-Wheel Drive,8-Speed Automatic with SHIFTRONIC,I-4 cyl,3995,,58999,,2026-09-05T10:36:03.953Z,2026-09-14T14:52:22.997Z,10,certified,https://www.genesisofmanchester.com/certified/Genesis/2026-Genesis-GV70-0de272f7ac184e44d02e9e831e516943.htm,https://pictures.dealer.com/g/genesisofmanchestergen/1744/62c9d2bc07ba604df367e32f1593a5d6x.jpg?impolicy=resize&w=1024
5NMMFDTB3TH065028,GM260618L,certified,true,in-stock,2026,Genesis,GV70,2.5T Sport Prestige AWD,Savile Silver,Black,SUV/5 seats,All-Wheel Drive,8-Speed Automatic with SHIFTRONIC,I-4 cyl,3152,,59999,,2026-09-05T10:36:03.953Z,2026-09-14T14:52:22.997Z,10,certified,https://www.genesisofmanchester.com/certified/Genesis/2026-Genesis-GV70-4d2d3551ac1857715e05f4fd3d14e428.htm,https://pictures.dealer.com/g/genesisofmanchestergen/1431/4ec32783f85b1607e2e6e3d7b99882e2x.jpg?impolicy=resize&w=1024
WAUL2AF26LN002491STOCK# GM20149T,GM20149T,used,false,in-stock,2020,Audi,A6,55 Premium,Florett Silver,Black,Sedan/5 seats,quattro,7-Speed Automatic,V-6 cyl,81725,,,,2026-09-14T14:52:22.997Z,2026-09-14T14:52:22.997Z,1,shared-used,https://www.autofairhyundai.com/used/Audi/2020-Audi-A6-2e3cf27aac18090df99629c9f80b40ff.htm,https://pictures.dealer.com/g/genesisofmanchestergen/1984/d1d2de84d18f555c52cc1820776e7ea5x.jpg?impolicy=resize&w=1024
5UXTY5C07M9E28083,GM20153T,used,false,in-stock,2021,BMW,X3,xDrive30i,Phytonic Blue,Canberra Beige/Black,SUV/5 seats,All-wheel Drive,8-Speed Automatic Sport,I-4 cyl,77192,,22499,,2026-09-05T10:36:03.953Z,2026-09-14T14:52:22.997Z,10,shared-used,https://www.autofairhyundai.com/used/BMW/2021-BMW-X3-47214974ac185c30e41528d4f2e91d75.htm,https://pictures.dealer.com/g/genesisofmanchestergen/0364/7c81dec557db0bc9db7ec3a191724a26x.jpg?impolicy=resize&w=1024
5UX53DP05P9S88807,GM20194T,used,false,in-stock,2023,BMW,X3,xDrive30i,Alpine White,Tacora Red,SUV/5 seats,All-Wheel Drive,8-Speed Automatic Sport,I-4 cyl,2023,,39499,,2026-09-12T13:57:43.674Z,2026-09-14T14:52:22.997Z,3,shared-used,https://www.autofairhyundai.com/used/BMW/2023-BMW-X3-92a9a320ac185fef39d0f00f644d76d3.htm,https://pictures.dealer.com/g/genesisofmanchestergen/1072/0a4f47714802b126805f5600796145b6x.jpg?impolicy=resize&w=1024
KL4CJGSB8EB779588,HY19300T,used,false,in-stock,2014,Buick,Encore,Leather,Cocoa Silver Metallic,Saddle,SUV/5 seats,All-wheel Drive,6-Speed Automatic,I-4 cyl,,,3999,,2026-09-05T16:39:37.621Z,2026-09-14T14:52:22.997Z,9,shared-used,https://www.autofairhyundai.com/used/Buick/2014-Buick-Encore-725fd876ac1859f7ab7450ad5612c2a2.htm,https://images.dealer.com/autodata/us/large_stockphoto-color/2014/USC40BUS042C0/GYL.jpg?impolicy=resize&w=1024
1G6DG5RKXS0109926,GM20199T,used,false,in-stock,2025,CADILLAC,CT4,Sport,Typhoon,Jet Black With Jet Black Accents,Sedan/5 seats,Rear-Wheel Drive,8-Speed Automatic,I-4 cyl,33383,,802,,2026-09-14T14:52:22.997Z,2026-09-14T14:52:22.997Z,1,shared-used,https://www.autofairhyundai.com/used/CADILLAC/2025-CADILLAC-CT4-9d631e71ac1849e6c966ea6f79dc0a76.htm,https://images.dealer.com/ddc/vehicles/2025/CADILLAC/CT4/Sedan/trim_Sport_f054d5/color/Typhoon%20Metallic-GBW-82%2C93%2C106-640-en_US.jpg?impolicy=resize&w=1024
1G6KB5RSXLU111997,GM20152T,used,false,in-stock,2020,CADILLAC,CT6,3.6L Luxury,Black Raven,Jet Black,Sedan/5 seats,All-Wheel Drive,10-Speed Automatic,V-6 cyl,46452,,32999,,2026-09-05T10:36:03.953Z,2026-09-14T14:52:22.997Z,10,shared-used,https://www.autofairhyundai.com/used/CADILLAC/2020-CADILLAC-CT6-40442464ac184d5f647218b29ae695d5.htm,https://pictures.dealer.com/g/genesisofmanchestergen/1259/4b3b5763770afb69a09c800a77238818x.jpg?impolicy=resize&w=1024
1GNEVHKW4KJ224304,HY19312T,used,false,in-stock,2019,Chevrolet,Traverse,LT Leather,Graphite,Jet Black,,All-wheel Drive,9-Speed Automatic,V-6 cyl,89599,,17999,,2026-09-06T11:43:17.735Z,2026-09-14T14:52:22.997Z,9,shared-used,https://www.autofairhyundai.com/used/Chevrolet/2019-Chevrolet-Traverse-74175019ac185ca9e7e2cb7f0380d34d.htm,https://pictures.dealer.com/a/autofairhyundainh/1293/9af2f0acbe7309504f0b135682bb6825x.jpg?impolicy=resize&w=1024
KL7CJLSB6GB570865,HY19316T,used,false,in-stock,2016,Chevrolet,Trax,LT,Brilliant Blue,Jet Black,SUV/5 seats,Front-wheel Drive,6-Speed Automatic,I-4 cyl,68583,,8999,,2026-09-07T13:57:38.958Z,2026-09-14T14:52:22.997Z,8,shared-used,https://www.autofairhyundai.com/used/Chevrolet/2016-Chevrolet-Trax-78cf98f5ac1813b262e6ac10ed9d44ec.htm,https://pictures.dealer.com/a/autofairhyundainh/0964/51d230a1df8950de9f837ce907301736x.jpg?impolicy=resize&w=1024
1FTEW1EP6JKC59713,HY19318T,used,false,in-stock,2018,Ford,F-150,,Oxford White,Black,,4x4,10-Speed Automatic,V-6 cyl,,,22499,,2026-09-07T13:57:38.958Z,2026-09-14T14:52:22.997Z,8,shared-used,https://www.autofairhyundai.com/used/Ford/2018-Ford-F-150-793d84c2ac183b721f3e022323eafbbc.htm,https://pictures.dealer.com/a/autofairhyundainh/0789/59cacbdaa6caf606df37ed5e68a65aaax.jpg?impolicy=resize&w=1024
KMTG34SC2TU160836,GM20083T,used,false,in-stock,2026,Genesis,G70,2.5T Prestige AWD,Alta White,Vanilla Beige Two Tone,Sedan/5 seats,All-Wheel Drive,8-Speed Automatic,I-4 cyl,3143,,41499,,2026-09-05T00:09:53.304Z,2026-09-14T14:52:22.997Z,10,shared-used,https://www.autofairhyundai.com/used/Genesis/2026-Genesis-G70-904f58f5ac1814e012e1fffc97133a92.htm,https://pictures.dealer.com/g/genesisofmanchestergen/1820/76fa8fc46f50ce4f75543ea4c270e55ex.jpg?impolicy=resize&w=1024
KMTG34TA7PU112946,GM20172T,used,false,in-stock,2023,Genesis,G70,,Uyuni White,Red,Sedan/5 seats,All-Wheel Drive,8-Speed Automatic with SHIFTRONIC,I-4 cyl,43857,,29999,,2026-09-05T00:09:53.304Z,2026-09-14T14:52:22.997Z,10,shared-used,https://www.autofairhyundai.com/used/Genesis/2023-Genesis-G70-5bbadba2ac181e63234f4fee23d3c4da.htm,https://pictures.dealer.com/g/genesisofmanchestergen/0343/c07e5d8e083a8486ffed2aed9998d3f8x.jpg?impolicy=resize&w=1024
KMTG54TE2NU091109,GM20180T,used,false,in-stock,2022,Genesis,G70,3.3T,Uyuni White,Black,Sedan/5 seats,All-wheel Drive,8-Speed Automatic,V-6 cyl,75656,,28999,,2026-09-06T11:43:17.735Z,2026-09-14T14:52:22.997Z,9,shared-used,https://www.autofairhyundai.com/used/Genesis/2022-Genesis-G70-73c2b157ac1849bfafd15ef5c1ddf9a6.htm,https://images.dealer.com/ddc/vehicles/2022/Genesis/G70/Sedan/trim_33T_161872/color/Uyuni%20White-UYH-221%2C221%2C222-640-en_US.jpg?impolicy=resize&w=1024
KMTG74LE8MU066515,GM20183T,used,false,in-stock,2021,Genesis,G70,,Havana Red,Brown,Sedan/5 seats,All-wheel Drive,8-Speed Automatic,V-6 cyl,47968,,29999,,2026-09-06T11:43:17.735Z,2026-09-14T14:52:22.997Z,9,shared-used,https://www.autofairhyundai.com/used/Genesis/2021-Genesis-G70-73c2b40dac185ca9e7e2cb7f120876c3.htm,https://pictures.dealer.com/g/genesisofmanchestergen/1278/d6b3019b852c803df24d29d1b66c47c6x.jpg?impolicy=resize&w=1024
KMTGA4SC9TU313430,GM20146M,used,false,in-stock,2026,Genesis,G80,2.5T,Savile Silver,Obsidian Black,Sedan/5 seats,All-Wheel Drive,8-Speed Automatic,I-4 cyl,6841,,57999,,2026-09-10T12:54:07.000Z,2026-09-14T14:52:22.997Z,5,shared-used,https://www.autofairhyundai.com/used/Genesis/2026-Genesis-G80-343f0fe7ac1829bdebbeb559db358e47.htm,https://images.dealer.com/ddc/vehicles/2026/Genesis/G80/Sedan/trim_25T_451cfc/color/Savile%20Silver-SSS-181%2C182%2C187-640-en_US.jpg?impolicy=resize&w=1024
5NMMEDTC1TH038518,GM20101T,used,false,in-stock,2026,Genesis,GV70,3.5T Sport Prestige AWD,Mauna Red,Black,SUV/5 seats,All-Wheel Drive,8-Speed Automatic with SHIFTRONIC,V-6 cyl,6076,,58999,,2026-09-05T00:09:53.304Z,2026-09-14T14:52:22.997Z,10,shared-used,https://www.autofairhyundai.com/used/Genesis/2026-Genesis-GV70-332636ceac182e35bbb4ded200b21938.htm,https://pictures.dealer.com/g/genesisofmanchestergen/1554/7b1c17d663e07eb3bdf89cf1d0a4bd8dx.jpg?impolicy=resize&w=1024
KMUMADTB2NU067263,GM20129C,used,false,in-stock,2022,Genesis,GV70,2.5T,Vik Black,Black,SUV/5 seats,All-Wheel Drive,8-Speed Automatic,I-4 cyl,74890,,28499,,2026-09-05T00:09:53.304Z,2026-09-14T14:52:22.997Z,10,shared-used,https://www.autofairhyundai.com/used/Genesis/2022-Genesis-GV70-25a7a331ac182cb634fa901d5d8db279.htm,https://pictures.dealer.com/g/genesisofmanchestergen/0627/6472389829684a53b69f5d5fa06de1e1x.jpg?impolicy=resize&w=1024
KMUMADTB5PU109511,GM20157T,used,false,in-stock,2023,Genesis,GV70,2.5T,Brunswick Green,Green,SUV/5 seats,All-Wheel Drive,8-Speed Automatic with SHIFTRONIC,I-4 cyl,59235,,31999,,2026-09-05T15:14:47.743Z,2026-09-14T14:52:22.997Z,9,shared-used,https://www.autofairhyundai.com/used/Genesis/2023-Genesis-GV70-47214b10ac1827bd9540ac670b075e9b.htm,https://pictures.dealer.com/g/genesisofmanchestergen/1244/f498c5b42aa1f82dd7c6bca9fabcedf0x.jpg?impolicy=resize&w=1024
5NMMCDTC8RH005708,GM20176T,used,false,in-stock,2024,Genesis,GV70,,Makalu Gray,Black/Black,SUV/5 seats,All-Wheel Drive,8-Speed Automatic with SHIFTRONIC,V-6 cyl,30597,,43999,,2026-09-05T00:09:53.304Z,2026-09-14T14:52:22.997Z,10,shared-used,https://www.autofairhyundai.com/used/Genesis/2024-Genesis-GV70-64bd60d2ac18155969bd56a9a75bda29.htm,https://pictures.dealer.com/g/genesisofmanchestergen/1538/556334f08e3d0143896f4ba052aa0fc3x.jpg?impolicy=resize&w=1024
KMUMADTB0NU032348,GM20179T,used,false,in-stock,2022,Genesis,GV70,2.5T,Mauna Red,Beige,SUV/5 seats,All-Wheel Drive,8-Speed Automatic,I-4 cyl,50066,,32499,,2026-09-05T00:09:53.304Z,2026-09-14T14:52:22.997Z,10,shared-used,https://www.autofairhyundai.com/used/Genesis/2022-Genesis-GV70-6e9c2fe3ac183b721f3e022366f56a19.htm,https://pictures.dealer.com/g/genesisofmanchestergen/1661/127229767029ec742f67c1174080d8c8x.jpg?impolicy=resize&w=1024
5NMMCDTC0RH010045,GM20184T,used,false,in-stock,2024,Genesis,GV70,,Brunswick Green,Black/Black,SUV/5 seats,All-Wheel Drive,8-Speed Automatic with SHIFTRONIC,V-6 cyl,40962,,44499,,2026-09-08T11:54:57.101Z,2026-09-14T14:52:22.997Z,7,shared-used,https://www.autofairhyundai.com/used/Genesis/2024-Genesis-GV70-7e0f4700ac185ca9e7e2cb7fa59387fc.htm,https://pictures.dealer.com/g/genesisofmanchestergen/0426/d79d2913f0f5804b990cefe70c027586x.jpg?impolicy=resize&w=1024
KMUMADTB1NU027708,GM20191T,used,false,in-stock,2022,Genesis,GV70,2.5T,Mauna Red,Beige,SUV/5 seats,All-Wheel Drive,8-Speed Automatic,I-4 cyl,27431,,35999,,2026-09-11T14:57:04.177Z,2026-09-14T14:52:22.997Z,3,shared-used,https://www.autofairhyundai.com/used/Genesis/2022-Genesis-GV70-8ca6a7b9ac183d20eebe8ad17e283162.htm,https://pictures.dealer.com/g/genesisofmanchestergen/0820/67b8df1ec2991af29c30ccd53ce9eb34x.jpg?impolicy=resize&w=1024
5NMMADTB2TH059770,GM260480L,used,false,in-stock,2026,Genesis,GV70,2.5T AWD,Savile Silver,Obsidian Black,SUV/5 seats,All-Wheel Drive,8-Speed Automatic with SHIFTRONIC,I-4 cyl,4630,,49499,,2026-09-14T14:52:22.997Z,2026-09-14T14:52:22.997Z,1,shared-used,https://www.autofairhyundai.com/used/Genesis/2026-Genesis-GV70-a0645af6ac18004e1d0db14ee5eeab95.htm,https://images.dealer.com/ddc/vehicles/2026/Genesis/GV70/SUV/trim_25T_d61b11/color/Savile%20Silver-SSS-131%2C131%2C134-640-en_US.jpg?impolicy=resize&w=1024
KMUHEESC1SU273207,GM20096C,used,false,in-stock,2025,Genesis,GV80,3.5T Prestige AWD,Capri Blue,Green,SUV/5 seats,All-Wheel Drive,8-Speed Automatic,V-6 cyl,21954,,59999,,2026-09-05T00:09:53.304Z,2026-09-14T14:52:22.997Z,10,shared-used,https://www.autofairhyundai.com/used/Genesis/2025-Genesis-GV80-4c5d0c58ac18354f7eff0f5162ddcb41.htm,https://pictures.dealer.com/g/genesisofmanchestergen/1025/aacf6f47b07d166f4bbb61c44f854b72x.jpg?impolicy=resize&w=1024
KMUHCESC4RU162795,GM20126T,used,false,in-stock,2024,Genesis,GV80,3.5T,Vik Black,Brown/Beige,,All-Wheel Drive,8-Speed Automatic,V-6 cyl,74369,,37999,,2026-09-05T00:09:53.304Z,2026-09-14T14:52:22.997Z,10,shared-used,https://www.autofairhyundai.com/used/Genesis/2024-Genesis-GV80-f306dbe7ac184a64f5d1c0fee67e28c5.htm,https://pictures.dealer.com/g/genesisofmanchestergen/0686/548341a726ab32a63f851ce5c7f2699cx.jpg?impolicy=resize&w=1024
KMUHDESC1SU273484,GM20130T,used,false,in-stock,2025,Genesis,GV80,3.5T Advanced AWD,Storr Green,Green,SUV/7 seats,All-Wheel Drive,8-Speed Automatic,V-6 cyl,27580,,55999,,2026-09-05T00:09:53.304Z,2026-09-14T14:52:22.997Z,10,shared-used,https://www.autofairhyundai.com/used/Genesis/2025-Genesis-GV80-4c5d04b5ac1819e614f9dda5a8009799.htm,https://pictures.dealer.com/g/genesisofmanchestergen/1568/02f61f68a38f454ae59ae020754adcafx.jpg?impolicy=resize&w=1024
KMUHCESC8TU314648,GM20160T,used,false,in-stock,2026,Genesis,GV80,3.5T Prestige Black,Uyuni White,Obsidian Black,SUV/5 seats,All-Wheel Drive,8-Speed Automatic,V-6 cyl,7633,,,,2026-09-05T00:09:53.304Z,2026-09-14T14:52:22.997Z,10,shared-used,https://www.autofairhyundai.com/used/Genesis/2026-Genesis-GV80-7c7d26d2ac180ec81ee31fd023f4dec8.htm,https://pictures.dealer.com/g/genesisofmanchestergen/1011/99c3ae85ea34ca26574fded8721ce5bex.jpg?impolicy=resize&w=1024
KMUHCESC6RU155699,GM20190T,used,false,in-stock,2024,Genesis,GV80,3.5T,Cardiff Green,Black/Black,,All-Wheel Drive,8-Speed Automatic,V-6 cyl,53972,,45999,,2026-09-10T12:54:07.000Z,2026-09-14T14:52:22.997Z,5,shared-used,https://www.autofairhyundai.com/used/Genesis/2024-Genesis-GV80-88778717ac1823ba6e36220615ce7ab4.htm,https://images.dealer.com/ddc/vehicles/2024/Genesis/GV80/SUV/trim_35T_a76951/color/Cardiff%20Green-HT7-17%2C37%2C29-640-en_US.jpg?impolicy=resize&w=1024
KMUHBDSB4RU164325,GM20196T,used,false,in-stock,2024,Genesis,GV80,2.5T,Vik Black,Black/Beige,SUV/5 seats,All-Wheel Drive,8-Speed Automatic,I-4 cyl,31936,,42499,,2026-09-13T16:10:33.188Z,2026-09-14T14:52:22.997Z,1,shared-used,https://www.autofairhyundai.com/used/Genesis/2024-Genesis-GV80-97cf0f22ac185bc6fc1af9b54415b23d.htm,https://pictures.dealer.com/g/genesisofmanchestergen/0224/3fbde56add7d943a72154a9958a29e5ex.jpg?impolicy=resize&w=1024
1GKKNULS8NZ153764,GM20125T,used,false,in-stock,2022,GMC,Acadia,SLT,Light Stone,Jet Black,,All-Wheel Drive,9-Speed Automatic,V-6 cyl,49682,,25499,,2026-09-05T00:09:53.304Z,2026-09-14T14:52:22.997Z,10,shared-used,https://www.autofairhyundai.com/used/GMC/2022-GMC-Acadia-e924df49ac180771dd7429cb79de5246.htm,https://pictures.dealer.com/g/genesisofmanchestergen/0115/f2f4cf68e10971661d135cc4df379419x.jpg?impolicy=resize&w=1024
1GKKVSKD2HJ272856,HY19327T,used,false,in-stock,2017,GMC,Acadia Limited,Limited,Ebony Twilight,Ebony,,All-wheel Drive,6-Speed Automatic,V-6 cyl,,,15299,,2026-09-09T13:22:41.829Z,2026-09-14T14:52:22.997Z,6,shared-used,https://www.autofairhyundai.com/used/GMC/2017-GMC-Acadia-Limited-8541faf1ac1847cfb9a67960e8fea9a1.htm,https://pictures.dealer.com/a/autofairhyundainh/1896/0e9813c77b2ced7db4ed8c88914b4638x.jpg?impolicy=resize&w=1024
1HGCY1F38RA015545,GM20185C,used,false,in-stock,2024,Honda,Accord,EX,,,Sedan/5 seats,Front-Wheel Drive,CVT,I-4 cyl,,,26999,,2026-09-10T12:54:07.000Z,2026-09-14T14:52:22.997Z,5,shared-used,https://www.autofairhyundai.com/used/Honda/2024-Honda-Accord-86a49c33ac184d75e32c2e109cb47e79.htm,https://pictures.dealer.com/g/genesisofmanchestergen/0542/a64fe531597b09c51bad43b03eda596cx.jpg?impolicy=resize&w=1024
SHHFK7H56JU428623,HY19287W,used,false,in-stock,2018,Honda,Civic,EX,Black,Gray,Hatchback/5 seats,Front-wheel Drive,CVT,I-4 cyl,144077,,14499,,2026-09-05T10:36:03.953Z,2026-09-14T14:52:22.997Z,10,shared-used,https://www.autofairhyundai.com/used/Honda/2018-Honda-Civic-5531b677ac180b7620d871aeba3e41ea.htm,https://images.dealer.com/ddc/vehicles/2018/Honda/Civic/Hatchback/trim_EX_9c7cb9/color/Crystal%20Black%20Pearl-BK-29%2C29%2C29-640-en_US.jpg?impolicy=resize&w=1024
19XFB2F56FE212467,HY19305T,used,false,in-stock,2015,Honda,Civic,LX,Silver,,Sedan/5 seats,Front-wheel Drive,CVT,I-4 cyl,104294,,12499,,2026-09-05T10:36:03.953Z,2026-09-14T14:52:22.997Z,10,shared-used,https://www.autofairhyundai.com/used/Honda/2015-Honda-Civic-6e84b223ac181fe2458d26f2a3fc469d.htm,https://pictures.dealer.com/a/autofairhyundainh/0042/c6fdafe0d0bdbf62d0619794b03b71cdx.jpg?impolicy=resize&w=1024
2HKRW2H55LH692619,GM20133T,used,false,in-stock,2020,Honda,CR-V,EX AWD,Crystal Black Pearl,Gray,SUV/5 seats,All-Wheel Drive,CVT,I-4 cyl,73347,,22499,,2026-09-05T00:09:53.304Z,2026-09-14T14:52:22.997Z,10,shared-used,https://www.autofairhyundai.com/used/Honda/2020-Honda-CR-V-0277513fac1829bdcb8ca515c0cbbe55.htm,https://pictures.dealer.com/g/genesisofmanchestergen/0076/968a35347293981980c6e3e27b1940aex.jpg?impolicy=resize&w=1024
2HKRW2H99LH647248,GM20150T,used,false,in-stock,2020,Honda,CR-V,Touring AWD,Lunar Silver Metallic,Gray,SUV/5 seats,All-Wheel Drive,CVT,I-4 cyl,82390,,23999,,2026-09-05T00:09:53.304Z,2026-09-14T14:52:22.997Z,10,shared-used,https://www.autofairhyundai.com/used/Honda/2020-Honda-CR-V-30d048eaac183b953cbae2d1e6e55e29.htm,https://pictures.dealer.com/g/genesisofmanchestergen/0329/a64456cb0668e8d4e6eec59e6ebb6e6ex.jpg?impolicy=resize&w=1024
2HKRW2H50KH642905,GM20200T,used,false,in-stock,2019,Honda,CR-V,EX AWD,Red,,SUV/5 seats,All-wheel Drive,CVT,I-4 cyl,66104,,23699,", and our team is happy to answer any questions about its condition or history.",2026-09-14T14:52:22.997Z,2026-09-14T14:52:22.997Z,1,shared-used,https://www.autofairhyundai.com/used/Honda/2019-Honda-CR-V-9f1acde7ac184088ef41bc97fdddaf73.htm,https://images.dealer.com/ddc/vehicles/2019/Honda/CR-V/SUV/trim_EX_75331c/color/Basque%20Red%20Pearl%20II-RB-69%2C14%2C28-640-en_US.jpg?impolicy=resize&w=1024
5FNYG1H75RB034195,HY19276T,used,false,in-stock,2024,Honda,Pilot,Touring,Crystal Black Pearl,Black,SUV/8 seats,All-Wheel Drive,10-Speed Automatic,V-6 cyl,83354,,36499,,2026-09-05T10:36:03.953Z,2026-09-14T14:52:22.997Z,10,shared-used,https://www.autofairhyundai.com/used/Honda/2024-Honda-Pilot-4c9cb2d0ac182f002812faebe5dc42b1.htm,https://pictures.dealer.com/a/autofairhyundainh/1815/1ace47229ebc1976d1f3ad40ef0a6fd1x.jpg?impolicy=resize&w=1024
5NPD84LF4JH262898,HY19284T,used,false,in-stock,2018,Hyundai,Elantra,Value Edition,Quartz White Pearl,Beige,Sedan/5 seats,Front-wheel Drive,6-Speed Automatic with Shiftronic,I-4 cyl,50026,,13999,,2026-09-05T10:36:03.953Z,2026-09-14T14:52:22.997Z,10,shared-used,https://www.autofairhyundai.com/used/Hyundai/2018-Hyundai-Elantra-5c0fe4e1ac183155ec8122528c001847.htm,https://pictures.dealer.com/a/autofairhyundainh/1861/6b3a78248ae0961dfd52e35c2e285139x.jpg?impolicy=resize&w=1024
KMHLM4DG5SU938700,HY19307T,used,false,in-stock,2025,Hyundai,Elantra,SEL Sport,Fluid Metal,Black,Sedan/5 seats,Front-Wheel Drive,CVT,I-4 cyl,,,21999,,2026-09-05T10:36:03.953Z,2026-09-14T14:52:22.997Z,10,shared-used,https://www.autofairhyundai.com/used/Hyundai/2025-Hyundai-Elantra-706ed149ac184811bc6de529df2a06e3.htm,https://pictures.dealer.com/a/autofairhyundainh/1711/7f88775ae38694625b97ebc3f4bca904x.jpg?impolicy=resize&w=1024
KMHLL4DG2SU912901,HY19324T,used,false,in-stock,2025,Hyundai,Elantra,SE,Ultimate Red,Black,Sedan/5 seats,Front-Wheel Drive,CVT,I-4 cyl,28656,,20999,,2026-09-09T13:22:41.829Z,2026-09-14T14:52:22.997Z,6,shared-used,https://www.autofairhyundai.com/used/Hyundai/2025-Hyundai-Elantra-831c59c4ac1849bfafd15ef583d79a51.htm,https://pictures.dealer.com/a/autofairhyundainh/1907/961f11964086d511a33e3610436598b9x.jpg?impolicy=resize&w=1024
KMHLM4AGXPU498341,HY19333T,used,false,in-stock,2023,Hyundai,Elantra,SEL,Fluid Metal,Black,Sedan/5 seats,Front-Wheel Drive,CVT,I-4 cyl,15299,,15299,,2026-09-12T13:57:43.674Z,2026-09-14T14:52:22.997Z,3,shared-used,https://www.autofairhyundai.com/used/Hyundai/2023-Hyundai-Elantra-928fbc6aac1811a5b94575c67b0120a9.htm,https://pictures.dealer.com/a/autofairhyundainh/1106/4ca974a4ece7b26de74d72edb4b2999dx.jpg?impolicy=resize&w=1024
5NPD84LF3JH335680,HY19342T,used,false,in-stock,2018,Hyundai,Elantra,Value Edition,Symphony Silver,Gray,Sedan/5 seats,Front-wheel Drive,6-Speed Automatic with Shiftronic,I-4 cyl,113510,,9999,,2026-09-14T14:52:22.997Z,2026-09-14T14:52:22.997Z,1,shared-used,https://www.autofairhyundai.com/used/Hyundai/2018-Hyundai-Elantra-9d4a1e31ac183203311d4ef24b0b7543.htm,https://images.dealer.com/autodata/us/large_stockphoto-color/2018/USC80HYC021E0/Y8.jpg?impolicy=resize&w=1024
KM8HACA33RU069776,HY19285T,used,false,in-stock,2024,Hyundai,Kona,N Line,Ecotronic Gray Pearl,Black,SUV/5 seats,All-Wheel Drive,8-Speed Automatic,I-4 cyl,29926,,24499,,2026-09-05T10:36:03.953Z,2026-09-14T14:52:22.997Z,10,shared-used,https://www.autofairhyundai.com/used/Hyundai/2024-Hyundai-Kona-5f10de8fac183155ec812252c60c0ada.htm,https://pictures.dealer.com/a/autofairhyundainh/1092/39abb166adfd3a119431145beeccc3c6x.jpg?impolicy=resize&w=1024
KM8HBCAB9SU324568,HY19288T,used,false,in-stock,2025,Hyundai,Kona,SEL,Abyss Black Pearl,Black,SUV/5 seats,All-Wheel Drive,CVT,I-4 cyl,11395,,25499,,2026-09-05T10:36:03.953Z,2026-09-14T14:52:22.997Z,10,shared-used,https://www.autofairhyundai.com/used/Hyundai/2025-Hyundai-Kona-e259bcaeac1809750fe694897f1c3ba9.htm,https://pictures.dealer.com/a/autofairhyundainh/1573/232110445aed7fb8b3d31ed585a0492ex.jpg?impolicy=resize&w=1024
KM8HECA35RU172508,HY19314T,used,false,in-stock,2024,Hyundai,Kona,Limited,Neoteric Yellow,Gray,SUV/5 seats,All-Wheel Drive,8-Speed Automatic,I-4 cyl,30199,,26999,,2026-09-06T11:43:17.735Z,2026-09-14T14:52:22.997Z,9,shared-used,https://www.autofairhyundai.com/used/Hyundai/2024-Hyundai-Kona-75cea96cac184d75e32c2e10c99006a1.htm,https://pictures.dealer.com/a/autofairhyundainh/1767/206ac56924a333d54eb65342f02266a6x.jpg?impolicy=resize&w=1024
KM8HACAB3RU042682,HY19335T,used,false,in-stock,2024,Hyundai,Kona,SE,Mirage Green,Black,SUV/5 seats,All-Wheel Drive,CVT,I-4 cyl,,,21999,,2026-09-12T13:57:43.674Z,2026-09-14T14:52:22.997Z,3,shared-used,https://www.autofairhyundai.com/used/Hyundai/2024-Hyundai-Kona-94b4eabbac1849e6c966ea6fe5c86283.htm,https://pictures.dealer.com/a/autofairhyundainh/0481/b710f43bc8138071a99b445876843fa5x.jpg?impolicy=resize&w=1024
KM8R2DHE8MU236494,HY19330T,used,false,in-stock,2021,Hyundai,Palisade,SEL,Hyper White,Black,,All-Wheel Drive,8-Speed Automatic with SHIFTRONIC,V-6 cyl,2021,,24999,,2026-09-10T12:54:07.000Z,2026-09-14T14:52:22.997Z,5,shared-used,https://www.autofairhyundai.com/used/Hyundai/2021-Hyundai-Palisade-8a681681ac1849bfafd15ef59c7beeec.htm,https://pictures.dealer.com/a/autofairhyundainh/1247/b553e15edf7062959baaf396f47d1599x.jpg?impolicy=resize&w=1024
5NTJADDE7SH152511,HY19290T,used,false,in-stock,2025,Hyundai,Santa Cruz,SE,Sage Gray,Black,Truck Crew Cab/5 seats,All-Wheel Drive,8-Speed Automatic with SHIFTRONIC,I-4 cyl,17849,,28499,,2026-09-05T10:36:03.953Z,2026-09-14T14:52:22.997Z,10,shared-used,https://www.autofairhyundai.com/used/Hyundai/2025-Hyundai-Santa-Cruz-5a5858d3ac183e41ab1f3dd1ed34f9d2.htm,https://images.dealer.com/ddc/vehicles/2025/Hyundai/Santa%20Cruz/Truck/trim_SE_65f429/color/Sage%20Gray-SY9-98%2C101%2C92-640-en_US.jpg?impolicy=resize&w=1024
5NTJEDAF4RH089752,HY19321T,used,false,in-stock,2024,Hyundai,Santa Cruz,2.5T Limited,Sage Gray,Black,Truck Crew Cab/5 seats,All-Wheel Drive,Shiftronic,I-4 cyl,57202,,28999,,2026-09-08T11:54:57.101Z,2026-09-14T14:52:22.997Z,7,shared-used,https://www.autofairhyundai.com/used/Hyundai/2024-Hyundai-Santa-Cruz-7df5c713ac185ca9e7e2cb7f9b7826ae.htm,https://pictures.dealer.com/a/autofairhyundainh/1142/7025369a0aa4367f4046f350602f2ad5x.jpg?impolicy=resize&w=1024
5NMS5CAAXKH093650,GM20154T,used,false,in-stock,2019,Hyundai,Santa Fe,Ultimate 2.0T,Quartz White,Black,SUV/5 seats,All-wheel Drive,8-Speed Automatic with SHIFTRONIC,I-4 cyl,84212,,16999,,2026-09-05T10:36:03.953Z,2026-09-14T14:52:22.997Z,10,shared-used,https://www.autofairhyundai.com/used/Hyundai/2019-Hyundai-Santa-Fe-4569bec7ac18005db88bfdc44ff4334a.htm,https://pictures.dealer.com/g/genesisofmanchestergen/0129/1f15742dea974b1331060529b6caa0c1x.jpg?impolicy=resize&w=1024
5NMP2DGL5SH114546,HY19279T,used,false,in-stock,2025,Hyundai,Santa Fe,SEL,Serenity White,Gray,SUV/7 seats,All-Wheel Drive,Shiftronic,I-4 cyl,42936,,28999,,2026-09-05T10:36:03.953Z,2026-09-14T14:52:22.997Z,10,shared-used,https://www.autofairhyundai.com/used/Hyundai/2025-Hyundai-Santa-Fe-4fa04942ac181e63234f4fee96005c16.htm,https://pictures.dealer.com/a/autofairhyundainh/1415/9f8e3c6095ace3fbb97a0f2da5ef2b67x.jpg?impolicy=resize&w=1024
5NMS5DAL5PH596856,HY19334T,used,false,in-stock,2023,Hyundai,Santa Fe,Calligraphy,Stormy Sea,Beige,SUV/5 seats,All-Wheel Drive,Shiftronic,I-4 cyl,55436,,27999,,2026-09-12T13:57:43.674Z,2026-09-14T14:52:22.997Z,3,shared-used,https://www.autofairhyundai.com/used/Hyundai/2023-Hyundai-Santa-Fe-94b4e936ac185bc6fc1af9b5e8e05d9b.htm,https://pictures.dealer.com/a/autofairhyundainh/0890/1e93972a97da74dc27ed3a16e89de85ax.jpg?impolicy=resize&w=1024
5NMP5DGLXRH065474,HY19337T,used,false,in-stock,2024,Hyundai,Santa Fe,Calligraphy,Ecotronic Gray Matte,Beige,SUV/6 seats,All-Wheel Drive,Shiftronic,I-4 cyl,17404,,35999,,2026-09-13T16:10:33.188Z,2026-09-14T14:52:22.997Z,1,shared-used,https://www.autofairhyundai.com/used/Hyundai/2024-Hyundai-Santa-Fe-97b80e88ac1849e6c966ea6fc90b4070.htm,https://images.dealer.com/ddc/vehicles/2024/Hyundai/Santa%20Fe/SUV/trim_Calligraphy_096bc9/still/front-left/front-left-640-en_US.jpg?impolicy=resize&w=1024
5NMS3DA13PH017951,GM20195T,used,false,in-stock,2023,Hyundai,Santa Fe Hybrid,SEL Premium,Hampton Gray,Black,SUV/5 seats,All-Wheel Drive,6-Speed Automatic with Shiftronic,,,,24499,,2026-09-12T13:57:43.674Z,2026-09-14T14:52:22.997Z,3,shared-used,https://www.autofairhyundai.com/used/Hyundai/2023-Hyundai-Santa-Fe-Hybrid-92a9a1ceac183203311d4ef26a63667e.htm,https://pictures.dealer.com/g/genesisofmanchestergen/1572/1e93972a97da74dc27ed3a16e89de85ax.jpg?impolicy=resize&w=1024
5XYZUDLB8HG497661,HY19285E,used,false,in-stock,2017,Hyundai,Santa Fe Sport,2.4L,Nightfall Blue,Beige,SUV/5 seats,All-wheel Drive,6-Speed Automatic with Shiftronic,I-4 cyl,120915,,9499,,2026-09-05T10:36:03.953Z,2026-09-14T14:52:22.997Z,10,shared-used,https://www.autofairhyundai.com/used/Hyundai/2017-Hyundai-Santa-Fe-Sport-54c403a1ac184d85f547ecd93d0de7c8.htm,https://pictures.dealer.com/a/autofairhyundainh/0018/b2d1ead9db1d6e3be17c3f6dd7f8e0bcx.jpg?impolicy=resize&w=1024
5NPET4AC7AH609443,HY19338W,used,false,in-stock,2010,Hyundai,Sonata,,Willow Gray Mica,Gray,Sedan/5 seats,Front-wheel Drive,5-Speed Automatic with Overdrive and Shiftronic,I-4 cyl,200000,,2999,,2026-09-13T16:10:33.188Z,2026-09-14T14:52:22.997Z,1,shared-used,https://www.autofairhyundai.com/used/Hyundai/2010-Hyundai-Sonata-9823faafac1811a5b94575c6d77e3b99.htm,https://images.dealer.com/autodata/us/large_stockphoto-color/2010/USC00HYC031A2/DS.jpg?impolicy=resize&w=1024
KMHL54JJ6SA117989STOCK# HY19308T,HY19308T,used,false,in-stock,2025,Hyundai,Sonata Hybrid,Limited,Carbon Blue,Dark Gray/Camel,Sedan/5 seats,Front-Wheel Drive,6-Speed Automatic with Shiftronic,"paired with a 6-speed automatic transmission with Shiftronic, sending power to the front wheels with a smooth, confident delivery. With just 13,855 miles on the clock, this Carbon Blue Sonata is barely broken in and carries a price of $31,499.",13855,,31499,,2026-09-10T12:54:07.000Z,2026-09-14T14:52:22.997Z,5,shared-used,https://www.autofairhyundai.com/used/Hyundai/2025-Hyundai-Sonata-Hybrid-70a8b676ac184bccd6d58c5b59739b78.htm,https://pictures.dealer.com/a/autofairhyundainh/1238/63eb73daf8edd97fd80220bb822883c1x.jpg?impolicy=resize&w=1024
KMHL34JJ8RA090679,HY19328X,used,false,in-stock,2024,Hyundai,Sonata Hybrid,SEL,Serenity White,Black,Sedan/5 seats,Front-Wheel Drive,6-Speed Automatic with Shiftronic,"pairs with a 6-speed automatic transmission with Shiftronic to give you smooth, confident power on both city streets and the open highway. Finished in Serenity White over a clean Black interior, this front-wheel drive Sonata presents itself well inside and out.",17548,,25999,,2026-09-11T14:57:04.177Z,2026-09-14T14:52:22.997Z,3,shared-used,https://www.autofairhyundai.com/used/Hyundai/2024-Hyundai-Sonata-Hybrid-87671613ac18112a917d960962add801.htm,https://pictures.dealer.com/a/autofairhyundainh/1109/6f3d4d4619be1cce4605abe465cd3fc5x.jpg?impolicy=resize&w=1024
KM8J3CA44HU449583,HY19269W,used,false,in-stock,2017,Hyundai,Tucson,SE,Coliseum Gray,Black,SUV/5 seats,All-wheel Drive,6-Speed Automatic with Shiftronic,I-4 cyl,89301,,8499,,2026-09-05T10:36:03.953Z,2026-09-14T14:52:22.997Z,10,shared-used,https://www.autofairhyundai.com/used/Hyundai/2017-Hyundai-Tucson-45c0643dac1858c9a0e64925ff2d83a9.htm,https://pictures.dealer.com/a/autofairhyundainh/0852/37c63ac2af86c1af9526f4b52f52cdcex.jpg?impolicy=resize&w=1024
5NMJFCDE7RH328233,HY19271C,used,false,in-stock,2024,Hyundai,Tucson,SEL,Shimmering Silver,Black,SUV/5 seats,All-Wheel Drive,8-Speed Automatic with SHIFTRONIC,I-4 cyl,32931,,25499,,2026-09-05T10:36:03.953Z,2026-09-14T14:52:22.997Z,10,shared-used,https://www.autofairhyundai.com/used/Hyundai/2024-Hyundai-Tucson-499bb543ac1858c9a0e649257a801181.htm,https://pictures.dealer.com/a/autofairhyundainh/1883/0f5311fd8741affaf5596b60cc509f48x.jpg?impolicy=resize&w=1024
5NMJBCDE9RH421587,HY19317T,used,false,in-stock,2024,Hyundai,Tucson,SEL,Hampton Gray,Black,SUV/5 seats,All-Wheel Drive,8-Speed Automatic with SHIFTRONIC,I-4 cyl,34564,,25499,,2026-09-07T13:57:38.958Z,2026-09-14T14:52:22.997Z,8,shared-used,https://www.autofairhyundai.com/used/Hyundai/2024-Hyundai-Tucson-78cf9abcac185ca9e7e2cb7fb4de3dbb.htm,https://pictures.dealer.com/a/autofairhyundainh/1420/4f6cf12480f67c32c304233a39e1853fx.jpg?impolicy=resize&w=1024
5NMJFCDE8RH418426,HY19319T,used,false,in-stock,2024,Hyundai,Tucson,SEL,White Pearl,Black,SUV/5 seats,All-Wheel Drive,8-Speed Automatic with SHIFTRONIC,I-4 cyl,,,25999,,2026-09-07T13:57:38.958Z,2026-09-14T14:52:22.997Z,8,shared-used,https://www.autofairhyundai.com/used/Hyundai/2024-Hyundai-Tucson-793d82fdac1838ffae3a022a542d518d.htm,https://pictures.dealer.com/a/autofairhyundainh/0018/0e18470463061b7e44ba7b997ec8ad57x.jpg?impolicy=resize&w=1024
5NMJECDE4SH504129,HY19341T,used,false,in-stock,2025,Hyundai,Tucson,Limited,Ecotronic Gray Matte,Gray/Green 3-Tone,SUV/5 seats,All-Wheel Drive,8-Speed Automatic with SHIFTRONIC,I-4 cyl,9177,,33499,,2026-09-14T14:52:22.997Z,2026-09-14T14:52:22.997Z,1,shared-used,https://www.autofairhyundai.com/used/Hyundai/2025-Hyundai-Tucson-26d92b20ac181da0dd1bebc300ea05ca.htm,https://pictures.dealer.com/a/autofairhyundainh/1847/2a49a2291435656807a2279e4c118162x.jpg?impolicy=resize&w=1024
KM8JCCD11RU201598,HY19211C,used,false,in-stock,2024,Hyundai,Tucson Hybrid,SEL Convenience,Black Pearl,Gray,SUV/5 seats,All-Wheel Drive,6-Speed Automatic,,24454,,29999,,2026-09-05T10:36:03.953Z,2026-09-14T14:52:22.997Z,10,shared-used,https://www.autofairhyundai.com/used/Hyundai/2024-Hyundai-Tucson-Hybrid-695f4694ac1859f7ab7450ad657d2011.htm,https://pictures.dealer.com/a/autofairhyundainh/0617/a552b03865d685d54c66b68e927bdca2x.jpg?impolicy=resize&w=1024
1C4RJFJG2KC671660,GM20147T,used,false,in-stock,2019,Jeep,Grand Cherokee,Summit,Slate Blue Pearlcoat,Ski Gray/Indigo,SUV/5 seats,4x4,8-Speed Automatic,V-6 cyl,66002,,23499,,2026-09-05T10:36:03.953Z,2026-09-14T14:52:22.997Z,10,shared-used,https://www.autofairhyundai.com/used/Jeep/2019-Jeep-Grand-Cherokee-2c17d2bdac1827bd9540ac67478adb97.htm,https://pictures.dealer.com/g/genesisofmanchestergen/1214/9c58c1dd7c946f852fb69e55209923f8x.jpg?impolicy=resize&w=1024
KNAG64J7XS5324608,GM20181T,used,false,in-stock,2025,Kia,K5,GT-Line,Wolf Gray,Black,Sedan/5 seats,All-Wheel Drive,8-Speed Automatic,I-4 cyl,16089,,29499,,2026-09-06T11:43:17.735Z,2026-09-14T14:52:22.997Z,9,shared-used,https://www.autofairhyundai.com/used/Kia/2025-Kia-K5-73c2b578ac180e99be2ff67dcac79489.htm,https://pictures.dealer.com/g/genesisofmanchestergen/1697/51533bf4652de0876d038f6770be6c9ex.jpg?impolicy=resize&w=1024
KNAG64J79S5310960,GM20193T,used,false,in-stock,2025,Kia,K5,GT-Line,Wolf Gray,Black,Sedan/5 seats,All-Wheel Drive,8-Speed Automatic,I-4 cyl,23290,,28499,,2026-09-11T14:57:04.177Z,2026-09-14T14:52:22.997Z,3,shared-used,https://www.autofairhyundai.com/used/Kia/2025-Kia-K5-8f39a024ac18279fa3a7553b6957d5c8.htm,https://images.dealer.com/autodata/us/color/2025/USD50KIC203A0/C7S.jpg?impolicy=resize&w=1024
KNDJN2A21G7404296,HY19289W,used,false,in-stock,2016,Kia,Soul,Base FWD,Clear White,Gray 2-Tone,Hatchback/5 seats,Front-wheel Drive,6-Speed Automatic,I-4 cyl,149125,,3999,,2026-09-05T16:39:37.621Z,2026-09-14T14:52:22.997Z,9,shared-used,https://www.autofairhyundai.com/used/Kia/2016-Kia-Soul-725fd9b8ac1838ffae3a022a685197a4.htm,https://images.dealer.com/ddc/vehicles/2016/Kia/Soul/Hatchback/trim_Base_327e4a/color/Clear%20White-1D-215%2C215%2C210-640-en_US.jpg?impolicy=resize&w=1024
KNDPUCDG9R7123697,GM20198T,used,false,in-stock,2024,Kia,Sportage Hybrid,LX,Snow White Pearl,Black,SUV/5 seats,All-Wheel Drive,6-Speed Automatic,and electric motor without any extra effort on your part. It is the kind of vehicle you settle into quickly and feel confident in from the first drive.,18796,,28499,,2026-09-13T16:10:33.188Z,2026-09-14T14:52:22.997Z,1,shared-used,https://www.autofairhyundai.com/used/Kia/2024-Kia-Sportage-Hybrid-99867650ac185fef39d0f00f155c56ba.htm,https://pictures.dealer.com/g/genesisofmanchestergen/1235/08f41821838419bc04f47d14a354d2a7x.jpg?impolicy=resize&w=1024
JTJCHMAA9P2005553,GM20121T,used,false,in-stock,2023,LEXUS,RX 350,Premium Plus,Caviar,Macadamia,SUV/5 seats,Front-Wheel Drive,8-Speed Automatic,I-4 cyl,37704,,42973,,2026-09-05T10:36:03.953Z,2026-09-14T14:52:22.997Z,10,shared-used,https://www.autofairhyundai.com/used/LEXUS/2023-LEXUS-RX-350-e390c563ac185184d8a067b10946bdb7.htm,https://pictures.dealer.com/g/genesisofmanchestergen/0278/692b7e6d192bcf263b59eb5987efc755x.jpg?impolicy=resize&w=1024
3MVDMBCM8RM604937,HY19278T,used,false,in-stock,2024,Mazda,CX-30,2.5 S Preferred Package,Soul Red Crystal,Greige,SUV/5 seats,All-Wheel Drive,6-Speed Automatic,I-4 cyl,46604,,23999,,2026-09-05T10:36:03.953Z,2026-09-14T14:52:22.997Z,10,shared-used,https://www.autofairhyundai.com/used/Mazda/2024-Mazda-CX-30-4fa04a8aac184f13ed91f8cb10e7e22c.htm,https://pictures.dealer.com/a/autofairhyundainh/1679/5f653010695ec871d3d4629a8fb8b302x.jpg?impolicy=resize&w=1024
JM3KJEHC3S1106061,GM20187W,used,false,in-stock,2025,Mazda,CX-70,3.3 Turbo S Premium Plus Package,Zircon Sand,Tan,SUV/5 seats,All-Wheel Drive,8-Speed Automatic,I-6 cyl,11519,,42999,,2026-09-08T11:54:57.101Z,2026-09-14T14:52:22.997Z,7,shared-used,https://www.autofairhyundai.com/used/Mazda/2025-Mazda-CX-70-7e0f4849ac181fe2458d26f24ade6cf8.htm,https://pictures.dealer.com/g/genesisofmanchestergen/0045/cac430732c44cab2ab098007ceb196f3x.jpg?impolicy=resize&w=1024
JM1NDAM70H0107603,HY19311T,used,false,in-stock,2017,Mazda,Mazda MX-5 Miata RF,Grand Touring,Soul Red,Sport Tan,Coupe/2 seats,Rear-wheel Drive,6-Speed Automatic Sport,I-4 cyl,22164,,22999,,2026-09-06T11:43:17.735Z,2026-09-14T14:52:22.997Z,9,shared-used,https://www.autofairhyundai.com/used/Mazda/2017-Mazda-Mazda-MX-5-Miata-RF-73aa63cfac180e99be2ff67d8308ed8a.htm,https://pictures.dealer.com/a/autofairhyundainh/0885/d83f207b1d399d9cfa1ef0fa04c75ae2x.jpg?impolicy=resize&w=1024
W1K3G4FB0LW045956,HY19210T,used,false,in-stock,2020,Mercedes-Benz,A-Class,A 220 4MATIC,Black,Black,Sedan/5 seats,All-wheel Drive,7-Speed Automatic,I-4 cyl,76750,,17999,,2026-09-05T10:36:03.953Z,2026-09-14T14:52:22.997Z,10,shared-used,https://www.autofairhyundai.com/used/Mercedes-Benz/2020-Mercedes-Benz-A-Class-fda5abc6ac1829bdcb8ca51527288fc7.htm,https://pictures.dealer.com/a/autofairhyundainh/0484/778311a4f55d38dbae148c204c42925fx.jpg?impolicy=resize&w=1024
1N4AL3AP7DN473868,HY19286W,used,false,in-stock,2013,Nissan,Altima,2.5 SL,Brilliant Silver,Charcoal,Sedan/5 seats,Front-wheel Drive,CVT with Xtronic,I-4 cyl,,,2999,,2026-09-05T16:39:37.621Z,2026-09-14T14:52:22.997Z,9,shared-used,https://www.autofairhyundai.com/used/Nissan/2013-Nissan-Altima-725fd6cbac181fe2458d26f29b17aa16.htm,https://images.dealer.com/autodata/us/large_stockphoto-color/2013/USC30NIC041D0/K23.jpg?impolicy=resize&w=1024
5N1DR2MM3KC592703,HY19291W,used,false,in-stock,2019,Nissan,Pathfinder,SV,Caspian Blue,Charcoal,SUV/7 seats,4x4,CVT with Xtronic,V-6 cyl,,,5499,,2026-09-05T10:36:03.953Z,2026-09-14T14:52:22.997Z,10,shared-used,https://www.autofairhyundai.com/used/Nissan/2019-Nissan-Pathfinder-5c0fe66bac18005db88bfdc464aff0a3.htm,https://pictures.dealer.com/a/autofairhyundainh/0813/ff3078157b8a901b605be26bad1c901ax.jpg?impolicy=resize&w=1024
4S4BTGNDXN3127649,GM20158T,used,false,in-stock,2022,Subaru,Outback,Limited XT,Crystal White Pearl,Black,SUV/5 seats,All-wheel Drive,CVT Lineartronic,H-4 cyl,58774,,23999,,2026-09-05T10:36:03.953Z,2026-09-14T14:52:22.997Z,10,shared-used,https://www.autofairhyundai.com/used/Subaru/2022-Subaru-Outback-47214c53ac18393e2bce80d9f6883992.htm,https://pictures.dealer.com/g/genesisofmanchestergen/0259/5ac0e4fcc4cf6fabe7cd6101f24c0077x.jpg?impolicy=resize&w=1024
4T1G11BK9MU024081,HY19282T,used,false,in-stock,2021,Toyota,Camry,SE,Predawn Gray Mica,Black,Sedan/5 seats,All-Wheel Drive,8-Speed Automatic,I-4 cyl,,,23999,,2026-09-05T10:36:03.953Z,2026-09-14T14:52:22.997Z,10,shared-used,https://www.autofairhyundai.com/used/Toyota/2021-Toyota-Camry-5c0fe338ac181c35d475de4c16b69989.htm,https://pictures.dealer.com/a/autofairhyundainh/1127/6cd6df45260e9c201d7c8510edcfc836x.jpg?impolicy=resize&w=1024
2T1BR32E18C858068,HY19325T,used,false,in-stock,2008,Toyota,Corolla,,,,Sedan/5 seats,Front-wheel Drive,,I-4 cyl,92540,,7999,,2026-09-09T13:22:41.829Z,2026-09-14T14:52:22.997Z,6,shared-used,https://www.autofairhyundai.com/used/Toyota/2008-Toyota-Corolla-831c583fac1806568f439d171f593006.htm,https://images.dealer.com/autodata/us/large_stockphoto/2008/USB80TOC041A0.jpg?impolicy=resize&w=1024
5TDKK3DC1FS542013,HY19309W,used,false,in-stock,2015,Toyota,Sienna,LE,Attitude Black,Ash,Van/8 seats,Front-wheel Drive,6-Speed Automatic Electronic with Overdrive,V-6 cyl,,,4999,,2026-09-05T10:36:03.953Z,2026-09-14T14:52:22.997Z,10,shared-used,https://www.autofairhyundai.com/used/Toyota/2015-Toyota-Sienna-70a8b7fbac180e99be2ff67d74f41fe7.htm,https://pictures.dealer.com/a/autofairhyundainh/0154/8fe7d38daae4ca2e955ccb053bd80bdfx.jpg?impolicy=resize&w=1024
3VWN57BU0MM094977,HY19343T,used,false,in-stock,2021,Volkswagen,Jetta,1.4T,,,Sedan/5 seats,Front-wheel Drive,6-Speed Manual,I-4 cyl,80834,,13999,,2026-09-14T14:52:22.997Z,2026-09-14T14:52:22.997Z,1,shared-used,https://www.autofairhyundai.com/used/Volkswagen/2021-Volkswagen-Jetta-9d4a1c91ac180452357e7dbbb1935a2b.htm,https://images.dealer.com/autodata/us/large_stockphoto/2021/USD10VWC033A0.jpg?impolicy=resize&w=1024
YV4M12RC9S1000502,GM20186T,used,false,in-stock,2025,Volvo,XC60,B5 Plus,Beige,,SUV/5 seats,All-Wheel Drive,Automatic with Geartronic,I-4 cyl,25823,,40499,,2026-09-08T11:54:57.101Z,2026-09-14T14:52:22.997Z,7,shared-used,https://www.autofairhyundai.com/used/Volvo/2025-Volvo-XC60-7e0f49ecac184bccd6d58c5b99d17077.htm,https://pictures.dealer.com/g/genesisofmanchestergen/1898/dc9c7cdbf0602a9cd9d29351192056e1x.jpg?impolicy=resize&w=1024
